id,location,name,followers_count,statuses_count,time_zone,verified,lang,screen_name,description,created_at,favourites_count,friends_count,listed_count
18710816.0,near Utah Ave & Lighthouse an,Robby Delaware,304.0,11484.0,Pacific Time (US & Canada),False,en,RobbyDelaware,"I support the free movement of people, ideas and capital.",Wed Jan 07 04:38:02 +0000 2009,17.0,670.0,13.0
100345056.0,still ⬆️Block⤵️Corner⬇️street,#Ezekiel2517✨...,1053.0,31858.0,,False,en,SCOTTGOHARD,"CELEBRITY TRAINER ✨#424W147th✨ #CrossfitCoach #NSCA #IRepresentIntellectualViolence...Robinson Cano,Ice T,Missy Elliott, #EaglesDontFlyInFlocks...",Tue Dec 29 23:15:22 +0000 2009,2774.0,1055.0,35.0
247165706.0,"Chicago, IL",B E C K S T E R✨,650.0,6742.0,Mountain Time (US & Canada),False,en,Beckster319,Rebecca Lynn Hirschfeld Actress.Model.Writer.Amateur Race Car Driver. ~ Adorkable,Fri Feb 04 06:38:45 +0000 2011,7273.0,896.0,30.0
249538861.0,,Chris Osborne,44.0,843.0,,False,en,skatewake1994,,Wed Feb 09 07:38:44 +0000 2011,227.0,154.0,1.0
449689677.0,,Рамзан Кадыров,94773.0,10877.0,Moscow,False,ru,KadirovRussia,"Пародийный аккаунт. Озвучиваю то, что политикам не позволено протоколом",Thu Dec 29 11:31:09 +0000 2011,0.0,7.0,691.0
471868887.0,"Санкт-Петербург, Россия",Маргарита Саваж,23305.0,18401.0,Volgograd,False,ru,MargoSavazh,Честь имею. Нагло врать не умею.,Mon Jan 23 10:26:25 +0000 2012,1480.0,8021.0,231.0
1039581360.0,Amerika,Dark Nally,22.0,22603.0,Jakarta,False,id,darknally,uptodate news!!!!,Thu Dec 27 13:06:58 +0000 2012,0.0,40.0,16.0
1510488662.0,USA,Laila Heats,3080.0,2228.0,Eastern Time (US & Canada),False,en,lagonehoe,How can you judge me when you don’t know me?,Wed Jun 12 13:07:49 +0000 2013,3504.0,2369.0,12.0
1513801268.0,USA,CC Jack,2760.0,2100.0,Eastern Time (US & Canada),False,en,YouJustCtrlC,ProBlack | Stoner | even jesus was stoned before receiving the throne | #BlackToLive | #BlackLivesMatter,Thu Jun 13 16:07:23 +0000 2013,2744.0,2700.0,10.0
1517678892.0,"Philadelphia, PA",Mr Moran,879.0,2044.0,Eastern Time (US & Canada),False,en,MrMoraan,I'm getting too cool for this social media shiz. That cynical bastard you hate to love.,Fri Jun 14 21:58:48 +0000 2013,2981.0,758.0,15.0
1518857420.0,USA,Jonathon Norwood,789.0,2002.0,Eastern Time (US & Canada),False,en,NoJonathonNo,Strive not to be a success but rather to be of value #blm #BforLife,Sat Jun 15 08:47:02 +0000 2013,2170.0,440.0,8.0
1532863891.0,ATL,Harper H21,1956.0,3300.0,Eastern Time (US & Canada),False,en,CharlesJHarper,if you don't like me-it's ok,Thu Jun 20 04:49:04 +0000 2013,1850.0,1626.0,21.0
1533813962.0,USA,Lara Pretty,1795.0,3342.0,Eastern Time (US & Canada),False,en,PrettyLaraPlace,Bitter Clinger #USAFVet #NRA #2A #bluestarmom #Crossfit #christian,Thu Jun 20 12:35:59 +0000 2013,3555.0,1360.0,24.0
1584279696.0,"Chicago, IL",Jasiah Jenkins,728.0,1918.0,Eastern Time (US & Canada),False,en,BigBoyJasiah,Visionary..... don't put me in a box.... Enigma... Unconditional Love. I'm the good guy. if u heard otherwise you been lied to,Wed Jul 10 23:55:16 +0000 2013,2342.0,393.0,19.0
1594887416.0,USA,Jeremy Roberts,837.0,1573.0,Eastern Time (US & Canada),False,en,Jery_RobertsYo,I think we can all agree that the 3 most powerful words of 2015 were “#BlackLivesMatter”,Mon Jul 15 03:34:50 +0000 2013,1836.0,898.0,5.0
1612106972.0,USA,Reuben Littlejohn,738.0,1899.0,Eastern Time (US & Canada),False,en,LILJordamn,young nigga just trying to make# also do music#,Mon Jul 22 05:34:20 +0000 2013,2251.0,608.0,16.0
1617939218.0,USA,Pauline Gunn,908.0,1906.0,Eastern Time (US & Canada),False,en,PaulineTT,"I be trying to chill, I swear do, because I luh God. You'on luh God?
#NoChill #BlackLivesMatter",Wed Jul 24 14:50:02 +0000 2013,1983.0,1075.0,5.0
1620474397.0,USA,Ramona Mcintosh,877.0,1745.0,Eastern Time (US & Canada),False,en,RamonasNails,"Mom, Global Nail Artist, Consultant, blah,blah, I do more than paint a nail",Thu Jul 25 14:06:28 +0000 2013,1992.0,1138.0,6.0
1623180199.0,,Jeffrey Kahunas,1565.0,2320.0,Pacific Time (US & Canada),False,en,JeffreyKahunas,"Honor God & Jesus & Your Parents Country, GOP, I Follow Back #tcot #RedNationRising #InGodWeTrust",Fri Jul 26 15:01:14 +0000 2013,1090.0,1586.0,18.0
1627096807.0,"Chicago, IL",Jason Scott,674.0,1818.0,Eastern Time (US & Canada),False,en,JassScott,"Bring the drama, playa. Give me all you got. Make your move. Shoot your best shot
#BLM Bitch",Sun Jul 28 04:54:51 +0000 2013,2004.0,321.0,13.0
1627699074.0,United States,Sherman Cannon,2854.0,10203.0,Eastern Time (US & Canada),False,en,CannonSher,Education costs money.  But then so does ignorance.,Sun Jul 28 11:51:53 +0000 2013,10128.0,2487.0,30.0
1629828379.0,"New York, USA",Lovely Cass,2121.0,3831.0,Eastern Time (US & Canada),False,en,cassishere,Fun-loving conservative sharing the truth that liberals can't handle. #TCOT,Mon Jul 29 07:59:27 +0000 2013,4154.0,2220.0,36.0
1647045721.0,Alaska,Carrie,2291.0,3222.0,Eastern Time (US & Canada),False,en,CarrieThornthon,Conservative Christian Momma. Political junkie. Happily married,Mon Aug 05 05:56:27 +0000 2013,3930.0,2272.0,23.0
1648012021.0,United States,Anthony Nelson,853.0,1771.0,Eastern Time (US & Canada),False,en,ImaPharrelFake,"Here to state my point of view, make you laugh and most importanly to stand up for and represent my people #BlackLivesMatter",Mon Aug 05 14:58:13 +0000 2013,2764.0,1164.0,16.0
1649144358.0,,Wesley Holmes,1519.0,1232.0,Pacific Time (US & Canada),False,en,WesternWindWes,"Stand with God, Family, Constitution & 2A. On A Mission 2Save America. LIBS R BLOCKED
#WakeUpAmerica #tcot #GodBlessAmerica",Tue Aug 06 01:49:24 +0000 2013,592.0,1351.0,29.0
1649487510.0,USA,Khloe Irving,909.0,1935.0,Eastern Time (US & Canada),False,en,HiImKhloe,Running back and forth forever between grief and high delight | problack | proguns | Always on point,Tue Aug 06 05:08:41 +0000 2013,2026.0,859.0,13.0
1649967228.0,United States,Nick Luna,1457.0,2100.0,Pacific Time (US & Canada),False,en,_NickLuna_,"Christian, Dad, Husband, Conservative. Trolls muted #tcot #PJNET",Tue Aug 06 10:16:28 +0000 2013,2001.0,1262.0,21.0
1650681522.0,United States,Messiah Haynes,2804.0,5554.0,Eastern Time (US & Canada),False,en,IlikeBIGbuttand,The only true wisdom is in knowing you know nothing!,Tue Aug 06 16:32:34 +0000 2013,3939.0,2421.0,27.0
1651692980.0,USA,Thomas Lopez,456.0,1637.0,Eastern Time (US & Canada),False,en,staywoke88,Problem solver...,Wed Aug 07 01:19:25 +0000 2013,1117.0,551.0,11.0
1651693646.0,United States,Cynthia Mary Hunter,429.0,2759.0,Eastern Time (US & Canada),False,en,CynthiaMHunter,Christian Conservative #ProConstitution #2A #ProLife #ProIsrael #CruzCrew #SOV #SOT #LoveFreedom #StandUnited,Wed Aug 07 01:19:57 +0000 2013,4532.0,451.0,23.0
1652138929.0,NY,Bossy Bo$$,900.0,1725.0,Eastern Time (US & Canada),False,en,acejinev,"Very outspoken, but don't take it for anger. xoxo. Loving and welcoming to everyone!  #BlackLivesMatter #BlackToLive",Wed Aug 07 05:22:21 +0000 2013,1836.0,806.0,11.0
1652262638.0,USA,Anton Haynes,671.0,1936.0,Eastern Time (US & Canada),False,en,AntonHayHay,white people are the most blood thirsty savages the world has ever seen #BLM #ICantBreath,Wed Aug 07 06:52:35 +0000 2013,1849.0,310.0,14.0
1652987412.0,USA,Alec Moody,905.0,3420.0,Eastern Time (US & Canada),False,en,AlecMooooody,"Love and respect all colors of skin. Teach respect, responsibility, and strength! #BlackLivesMatter  #StayWoke",Wed Aug 07 13:58:59 +0000 2013,3738.0,530.0,23.0
1653553555.0,Florida,Jayda Stone,916.0,1978.0,Eastern Time (US & Canada),False,en,JaydaAstonishin,Aquarius. Queen Bey Stan. Happily Taken. carefree black gyal ✨,Wed Aug 07 17:59:05 +0000 2013,2191.0,1196.0,9.0
1655194147.0,"St Louis, MO",̧M̧ȩļa̧ņi̧ņ,963.0,2121.0,Eastern Time (US & Canada),False,en,melanymelanin,,Thu Aug 08 11:23:24 +0000 2013,2717.0,915.0,10.0
1656024374.0,,Nancy CAMPBELL,784.0,2124.0,Eastern Time (US & Canada),False,en,IMissObama,I already miss Barack Obama in 2k16 smth...,Thu Aug 08 19:11:36 +0000 2013,2088.0,478.0,14.0
1656685598.0,USA,Jeanne Mccarthy,3242.0,1999.0,Eastern Time (US & Canada),False,en,JeanneMccarthy0,"Conservative domestic goddess devoted to God, Family, Country, praying daily for #America! #tcot #ccot #RepealObamacare.",Fri Aug 09 02:18:37 +0000 2013,1863.0,3420.0,35.0
1657694515.0,US,Jadon Dailey,1753.0,2299.0,Eastern Time (US & Canada),False,en,DaileyJadon,"You only live once, but if you do it right, once is enough",Fri Aug 09 12:38:08 +0000 2013,1298.0,1485.0,13.0
1657833811.0,USA,Adrienne,1822.0,2083.0,Eastern Time (US & Canada),False,en,Adrienne_GG,lucky I am)),Fri Aug 09 13:55:17 +0000 2013,1010.0,1548.0,15.0
1658202894.0,United States,Laura Baeley,1073.0,1946.0,Eastern Time (US & Canada),False,en,LauraBaeley,Liberty's Torch Bearer and best friend. OPINIONS ARE MY OWN. Getting more conservative by the day because of bearing a torch for liberty!!,Fri Aug 09 17:24:31 +0000 2013,1933.0,1160.0,14.0
1658420976.0,USA,Bao Ham,1032.0,2004.0,Eastern Time (US & Canada),False,en,BaoBaeHam,"When I let go of what I am, I become what I might be.",Fri Aug 09 19:23:10 +0000 2013,2420.0,836.0,12.0
1658440730.0,USA,Travi$ Lane,826.0,1875.0,Eastern Time (US & Canada),False,en,TravisRespek,"'As long as we try, maybe things will change' -pac #BlackLivesMatter #PrayForTheWorld",Fri Aug 09 19:14:25 +0000 2013,2384.0,931.0,12.0
4332740714.0,,,,,,,,USA_Gunslinger,,,,,
4840551713.0,,,,,,,,BlackToLive,,,,,
4437233895.0,,,,,,,,Crystal1Johnson,,,,,
4224729994.0,,,,,,,,TEN_GOP,,,,,
1659549972.0,NY,Jared Mallory,824.0,1811.0,Eastern Time (US & Canada),False,en,MalloryJared,I`m studing to earn much money in the future and i`m working to earn money for studing...,Sat Aug 10 08:10:31 +0000 2013,2145.0,874.0,17.0
1660375034.0,USA,Sarah Richards,865.0,1747.0,Eastern Time (US & Canada),False,en,iLoveSarahRich,"Just trying to love the life I'm living & the people in it
Btw #InWoke #BLM #BlackToLive",Sat Aug 10 15:28:00 +0000 2013,2021.0,974.0,6.0
1660771422.0,USA,Garret Simpson,1588.0,2010.0,Eastern Time (US & Canada),False,en,GarrettSimpson_,"Conservative, but I like chatting with people of both sides of the political aisle #tcot",Sat Aug 10 19:27:26 +0000 2013,1577.0,1339.0,25.0
1661246144.0,USA,Kate Ritter,1578.0,5347.0,Eastern Time (US & Canada),False,en,KateRitterrrr,I am a True Conservative and I love my country with all my heart! Happily married....,Sun Aug 11 00:17:33 +0000 2013,6797.0,1320.0,54.0
1662453998.0,USA,Ernest Rivers,827.0,1854.0,Eastern Time (US & Canada),False,en,ErRivvvvers,You do what you want when you poppin' #Thugger ☀️ #blacklivesmatter #DABBNATION Still wondering what Metro Boomin want some more of…,Sun Aug 11 12:32:12 +0000 2013,2263.0,864.0,10.0
1664988493.0,USA,Claudia,2102.0,2574.0,Eastern Time (US & Canada),False,en,claudia42kern,"Lots of hobbies, prefer to lay in bed and do nothing ☺️",Mon Aug 12 12:28:59 +0000 2013,1609.0,1723.0,20.0
1665377383.0,"New York, USA",Elias Briggs,820.0,2047.0,Eastern Time (US & Canada),False,en,EliasBrick,"Tenured professor, Director of Black Church Studies, minister, activist, womanist theologian, displaced New Yorker, lover of words",Mon Aug 12 15:33:31 +0000 2013,2060.0,903.0,6.0
1666030405.0,USA,Pam Daniels,943.0,2478.0,Eastern Time (US & Canada),False,en,PamBLMDaniels,"Smart, strong, sensual woman
#BlackLivesMatter activist",Mon Aug 12 20:50:57 +0000 2013,2530.0,549.0,24.0
1668307436.0,Baltimore,Curtis Burrell,3143.0,5510.0,Eastern Time (US & Canada),False,en,CurtisBigMan,Big Man!,Tue Aug 13 17:05:52 +0000 2013,3721.0,2896.0,32.0
1669574551.0,USA,Rick Shafer,2694.0,1703.0,Eastern Time (US & Canada),False,en,deusXYX,Freedom & Liberty Warrior Constitutional Conservative. USAF Veteran 316/46150 under Ronald Reagan. Levin #1 #Israel #PJNET,Wed Aug 14 05:02:51 +0000 2013,1021.0,3191.0,36.0
1670149272.0,USA,Javon Grayson,841.0,3479.0,Eastern Time (US & Canada),False,en,JavonHIDP,The best time to plant a tree was 20 years ago. The second best time is now.,Wed Aug 14 10:44:06 +0000 2013,4438.0,456.0,18.0
1670318690.0,USA,Alexander Massey,941.0,2039.0,Eastern Time (US & Canada),False,en,Siccerthanyou,"siccer than your average, boi #blm #BlackLivesMatter #StayWoke #BlackToLive",Wed Aug 14 11:53:20 +0000 2013,2313.0,854.0,13.0
1671234620.0,USA,Susan,2225.0,10242.0,Eastern Time (US & Canada),False,en,hyddrox,~Reagan Conservative ~Jesus Lover ~PRO-Israel ~PRO-2A ~PRO-Life ~PRO-Constitution ~Support Police & Military #RenewUS #PJNET #TCOT #CruzCrew #WakeUpAmerica,Wed Aug 14 19:07:30 +0000 2013,8748.0,2159.0,72.0
1672624255.0,USA,Samir Gooden,873.0,1739.0,Eastern Time (US & Canada),False,en,SamirGooden,"Young (in spirit), Gifted and Black. Proud Progressive Woman. A Man Who Stands For Nothing Will Fall For Anything- Malcolm X (MY ADDITION) #MalcolmX #BLM",Thu Aug 15 08:09:52 +0000 2013,2237.0,794.0,11.0
1674083671.0,USA,Gabriella Aldana,3356.0,3861.0,Eastern Time (US & Canada),False,en,Gab1Aldana,❤ Love my life ❤,Thu Aug 15 21:02:22 +0000 2013,3861.0,3020.0,31.0
1676377446.0,USA,Chad Sloyer,797.0,2446.0,Eastern Time (US & Canada),False,en,ChadSloyer,i was a good kid. never said I was a good adult. - Terrance Howard,Fri Aug 16 18:51:11 +0000 2013,3081.0,872.0,11.0
1676481360.0,USA,Emilee Waren,1909.0,2170.0,Eastern Time (US & Canada),False,en,EmileeWaren,•Christian•Constitutional•Capitalist •NRA•Supporting Military•Police •Wife•Mom,Fri Aug 16 19:50:47 +0000 2013,1778.0,1501.0,23.0
1677048979.0,"Baton Rouge, LA",Gwendolyn Lovet,1055.0,2597.0,Eastern Time (US & Canada),False,en,GwennyThot,I HAVE TOO MANY FLAWS TO BE PERFECT BUT I HAVE TOO MANY BLESSINGS TO BE UNGRATEFUL ❤❤,Sat Aug 17 01:20:54 +0000 2013,3124.0,875.0,16.0
1679279490.0,USA,Amelie Baldwin,2464.0,15227.0,Eastern Time (US & Canada),False,en,AmelieBaldwin,"Wife, Mother, Patriot, Friend",Sat Aug 17 22:53:07 +0000 2013,14540.0,1930.0,160.0
1680578719.0,USA,Rosie Wise,683.0,1229.0,Eastern Time (US & Canada),False,en,RosieOnFleek,"'So, About That' on YT. Your woke big sister.
#Woke #BlackAndProud #BLM",Sun Aug 18 11:56:48 +0000 2013,1353.0,637.0,23.0
1681162956.0,"Chicago, IL",Jerry,2608.0,9703.0,Eastern Time (US & Canada),False,en,camosaseko,Enjoy your life and don't interfere in mine,Sun Aug 18 17:12:57 +0000 2013,10088.0,2279.0,27.0
1682444790.0,USA,Peyton Cash,770.0,1576.0,Eastern Time (US & Canada),False,en,PeytonCashOut,"#blackpride. Opinions, insights and witticisms are all free! #NiggaThatCares",Mon Aug 19 05:55:49 +0000 2013,1964.0,746.0,12.0
1684524144.0,USA,Will Wise,904.0,1844.0,Eastern Time (US & Canada),False,en,DatWiseNigga,"Squad goin' up, nobody flippin' packs now
#IloveMakonnen4life",Tue Aug 20 00:53:56 +0000 2013,2393.0,812.0,16.0
1685173321.0,USA,Chase Bacon,696.0,1889.0,Eastern Time (US & Canada),False,en,BLMSoldier,"#BlackLivesMatter Future Guest on Pardon The Interruption, Around the Horn & Highly Questionable...",Tue Aug 20 07:33:54 +0000 2013,2129.0,707.0,25.0
1685718216.0,America,John Larsen,541.0,2387.0,Eastern Time (US & Canada),False,en,J0hnLarsen,"stand 4 conservatism, patriotism & optimism. Protect our Kids! #WakeUpAmerica",Tue Aug 20 13:02:28 +0000 2013,3211.0,852.0,21.0
1685771767.0,USA,Stanley Parrish,849.0,1761.0,Eastern Time (US & Canada),False,en,StanleyParris,I attribute my success to this: I never gave or took any excuse.,Tue Aug 20 12:59:48 +0000 2013,1975.0,1149.0,9.0
1686370159.0,United States,Archie Olivers,2569.0,1854.0,Pacific Time (US & Canada),False,en,ArchieOlivers,"My patriotic heart beats red, white, & blue.Just a guy in one of those fly over states! #2A",Tue Aug 20 17:49:51 +0000 2013,1006.0,3396.0,28.0
1687183549.0,USA,Bleep The Police,13196.0,13727.0,Eastern Time (US & Canada),False,en,BleepThePolice,"For a second at least, I'm resurrecting the peace

#Blacktivist #BlackLivesMatter",Wed Aug 21 01:49:22 +0000 2013,11083.0,8071.0,163.0
1688370956.0,"Georgia, USA",Watch Jenny Walkin',851.0,2259.0,Pacific Time (US & Canada),False,en,WatchMeWalkin,Working - Music geek + Blacker than BlackHole,Wed Aug 21 13:49:48 +0000 2013,2214.0,547.0,10.0
1690487623.0,USA,Michelle Arrington,3229.0,2433.0,Eastern Time (US & Canada),False,en,MichelleArry,Cautiously Optimistic Conservative. Gathering followers one at a time,Thu Aug 22 08:41:12 +0000 2013,2157.0,3290.0,42.0
1691736218.0,"Los Angeles, CA",Reginald Blackmon,856.0,1997.0,Eastern Time (US & Canada),False,en,RegieBlackmon,"I’ve learned that people will forget what you said, people will forget what you did, but people will never forget how you made them feel.",Thu Aug 22 18:06:53 +0000 2013,2558.0,931.0,10.0
1692501152.0,"Los Angeles, CA",Cornell Burchett,766.0,1786.0,Eastern Time (US & Canada),False,en,CornellBurchet,"A world for a few, a few to justice, lands in the hands of a few, few to education, wealth for a few. A world composed of an arrogant elite, perverse and biased",Fri Aug 23 01:00:15 +0000 2013,2166.0,720.0,19.0
1694026190.0,United States,Jackie Best,2078.0,3416.0,Eastern Time (US & Canada),False,en,JacquelinIsBest,"I love God,my family & politics. Conservative. MARRIED!
#tcot #PJNET",Fri Aug 23 14:41:32 +0000 2013,3518.0,1757.0,31.0
1695830984.0,United States,Kelvin Chambers,1506.0,1576.0,Pacific Time (US & Canada),False,en,Kelvin_Chambers,"Father of twin daughters. Conservative Republican. Interested in world events, politics, and sports. RT= whatever I find interesting",Sat Aug 24 07:32:29 +0000 2013,984.0,1260.0,32.0
1699979024.0,"Texas, USA",Randolph Burris,876.0,1914.0,Eastern Time (US & Canada),False,en,RandolphBurrr,"#FreeGucci
Blacktivist, I'm down with #BlackLivesMatter and #BRONZE 
United we stand",Sun Aug 25 19:28:17 +0000 2013,2552.0,917.0,10.0
4272870988.0,,,,,,,,Pamela_Moore13,,,,,
1701955429.0,"Baltimore, MD",Zachary Freeman,899.0,1700.0,Eastern Time (US & Canada),False,en,ZzzacharyZzz,"i work out hard as fuck, bench press and lift as much as I can, so if me and the cops ever get into it… God bless the one that I grab #FTP #ACAB #BlackPower",Mon Aug 26 13:25:39 +0000 2013,2290.0,831.0,14.0
1710804738.0,United States,Steven Cook,1468.0,2188.0,Pacific Time (US & Canada),False,en,CooknCooks,"HI FBI !!! #TRUMP, #Trump2016, @realdonaldtrum, #WAKEUPAMERICA, #MakeAmericaGreatAgain, #SOCIALMEDIA, #Blogger, #PJNET, #CCOT, #Chicago,, #MASTER, #MUSIC,",Thu Aug 29 19:45:40 +0000 2013,2447.0,1454.0,15.0
1715190968.0,USA,One Mighty Fish,698.0,1718.0,Eastern Time (US & Canada),False,en,OneMightyFish,"People are just afraid of things too much. Afraid of things that don't necessarily merit fear  - Franc Ocean
#BlackToLive",Sat Aug 31 09:33:57 +0000 2013,1978.0,831.0,13.0
1715424829.0,United States,Mackenzie Donovan,536.0,2300.0,Eastern Time (US & Canada),False,en,KenzDonovan,Const Conservative Patriot Mamma❤️Defending #Liberty & #Freedom!❤️Luv #fam #friends #dogs & dancing cha-cha-cha!❤️,Sat Aug 31 11:06:09 +0000 2013,2609.0,577.0,10.0
1716228906.0,USA,Jasmin Jacobs,906.0,2217.0,Eastern Time (US & Canada),False,en,Jani_s_Jac,"i aint shit now, but bitch i might be ✨
#FreeGuwop #BlackLivesALWAYSMattered",Sat Aug 31 17:14:08 +0000 2013,2405.0,575.0,10.0
1716561367.0,USA,Ida Marks,1080.0,2194.0,Eastern Time (US & Canada),False,en,IIddaaMarks,An unexamined life is not worth living. –Socrates,Sat Aug 31 19:07:08 +0000 2013,3051.0,925.0,14.0
1720117201.0,USA,Donna from USA,1623.0,2341.0,Eastern Time (US & Canada),False,en,DonnaBRivera,Constitutional Conservative #1A #2A #NRA #StandWithIsrael #TCOT #CCOT #LNYHBT #ProLife #SupportMilitary #BlueLivesMatter #SecureTheBorder #GodBlessAmerica,Sun Sep 01 20:02:10 +0000 2013,1772.0,1552.0,33.0
1720981580.0,USA,Hunter Odom,2727.0,2076.0,Eastern Time (US & Canada),False,en,HunterOddddom,Life is 10% what happens to me and 90% of how I react to it. –Charles Swindoll,Mon Sep 02 02:57:06 +0000 2013,2615.0,2001.0,24.0
1727482238.0,,Fluffy Melvin,3169.0,4874.0,Eastern Time (US & Canada),False,en,MelvinSRoberts,Internet junkie #hashtagwars lover!,Wed Sep 04 03:45:27 +0000 2013,3562.0,2658.0,30.0
1768259989.0,"USA, Atlanta",Clyde Pratt,914.0,1978.0,Eastern Time (US & Canada),False,en,mrclydepratt,"Life is a beautiful struggle. Seek enlightenment, not hate
#BlackToLive",Sat Sep 07 19:16:06 +0000 2013,1996.0,847.0,23.0
1833223908.0,USA,Dorothie,1893.0,3069.0,Eastern Time (US & Canada),False,en,DorothieBell,"Conservative wife, mother! Extremely proud of our veterans!! Lets take this once great country back!!!",Sun Sep 08 19:08:41 +0000 2013,3166.0,2315.0,33.0
1856828959.0,"Florida, USA",Deandre Gregory,774.0,1703.0,Eastern Time (US & Canada),False,en,OGDeandre,Read the mess I tweet & retweet about & you'll have an idea of the kinda person I am✌,Thu Sep 12 09:04:03 +0000 2013,1989.0,415.0,11.0
1859674386.0,US,Michael Garcia,851.0,2295.0,Eastern Time (US & Canada),False,en,DrMichaelGarcia,I make privileged people upset #BlackLivesMatter #FistsUpAfrosOut,Fri Sep 13 06:39:11 +0000 2013,2937.0,453.0,11.0
1868496344.0,USA,Briana Ragland,768.0,2938.0,Eastern Time (US & Canada),False,en,brianaregland,Black is my religion. If you buy me lipstick we go together #AllBlackEverything #WokeAF,Sun Sep 15 17:11:49 +0000 2013,3221.0,415.0,12.0
1868981054.0,United States,Ryan Maxwell,1839.0,1853.0,Pacific Time (US & Canada),False,en,RyanMaxwell_1,"Conservative. sports fan. Doing what I love, promoting Conservatism. #PJNET #TCOT #Conservative",Sun Sep 15 19:45:16 +0000 2013,1102.0,1990.0,25.0
1914760610.0,NYC,Raven Nicholson,807.0,1645.0,Eastern Time (US & Canada),False,en,ravenicholson,Everybody deserves to know they too can be the hero of a story. I’m just a regular guy trying to put those heroes in stories,Sat Sep 28 17:17:28 +0000 2013,2437.0,860.0,10.0
2233297178.0,"Москва, Россия",Артур Буранов,405.0,1350.0,Yerevan,False,ru,ArturBuranof,"Лучшее средство привить детям любовь к отечеству состоит в том, чтобы эта любовь была у отцов.",Fri Dec 06 17:29:56 +0000 2013,615.0,1628.0,1.0
2388391757.0,"Москва, Россия",Бучин Боря,108.0,1357.0,Baku,False,ru,Boryabuchin,"Москва, как много в этом звуке Для сердца русского слилось, Как много в нем отозвалось!",Thu Mar 06 13:29:09 +0000 2014,1476.0,215.0,1.0
2404145297.0,,Мистер Пудинг,81.0,1310.0,Moscow,False,ru,Puddin_Leto,"Вы верите в дружбу, а я верю в шантаж.",Wed Mar 12 07:09:51 +0000 2014,2264.0,85.0,0.0
2415525154.0,"Москва, Россия",Артём Захаров,2111.0,586.0,Volgograd,False,ru,teZaharov,"Высшая доблесть состоит в том, чтобы совершать в одиночестве то, на что люди отваживаются лишь в присутствии многих свидетелей.",Sun Mar 16 16:04:57 +0000 2014,406.0,69.0,0.0
2419886435.0,Мурманск,Валентина Дмитриева,2466.0,1312.0,Moscow,False,ru,Valeyina_Dm,Против белоленточной чумы #ЯПатриотка,Tue Mar 18 11:53:29 +0000 2014,354.0,811.0,1.0
2422793627.0,Санкт-Петербург,БогданКравцов,2741.0,1619.0,Baku,False,ru,BogdanKravcov,Любовь к Отечеству - это готовность защищать его независимость.,Wed Mar 19 15:33:40 +0000 2014,908.0,1564.0,4.0
2478383999.0,,Алексей Лапин,2219.0,1237.0,Volgograd,False,ru,_SashaLapin,"У Пушкина есть грандиозная фраза...
Гордиться славою своих предков не только можно, но и должно. Не уважать оной есть постыдное малодушие",Sat Apr 12 09:09:27 +0000 2014,345.0,679.0,4.0
2484642526.0,,Warfare Worldwide,23876.0,2618.0,St. Petersburg,False,en,WarfareWW,Political & Military Analyst,Mon Apr 14 17:32:56 +0000 2014,247.0,7481.0,565.0
2491081213.0,USA,Wade Harriot,1363.0,3089.0,Eastern Time (US & Canada),False,en,wadeharriot,"Christian, Husband, Father, American, Conservative, Tea Party, Fisherman, Gun Owner, Engineer, USN Vet #BodyLife #TCOT #TGDN #2A #TPFA #CruzCrew #PJNET",Mon May 12 07:50:03 +0000 2014,4478.0,1040.0,25.0
2492948562.0,USA,Jadon Hutchinson,888.0,2139.0,Eastern Time (US & Canada),False,en,JadonHutchinson,"People often say that motivation doesn’t last. Well, neither does bathing. That’s why we recommend it daily.",Tue May 13 13:09:48 +0000 2014,2831.0,1234.0,28.0
2494509505.0,"Калининград, Россия",Мария Котова,4515.0,747.0,Volgograd,False,ru,Kotovamarys,"Родина там, где чувствуешь себя свободно.",Wed May 14 18:11:36 +0000 2014,990.0,62.0,1.0
2495567768.0,"San Francisco, CA",San Francisco Daily,16812.0,32546.0,Pacific Time (US & Canada),False,en,DailySanFran,"Follow for San Francisco's breaking news, special reports, entertainment and more from @DailySanFran",Thu May 15 03:22:22 +0000 2014,1.0,5128.0,159.0
2498271878.0,United States,Jake Fischer,1609.0,1033.0,Eastern Time (US & Canada),False,en,interFischer,"I believe in God, Bible, Country, 2nd Amendment rights. I Stand by Israel, Supporter of TRADITIONAL Marriage
#RedNationRising",Fri May 16 10:36:48 +0000 2014,494.0,1828.0,15.0
2501947239.0,"Москва, Россия",Таисия Авдеева,2535.0,937.0,Volgograd,False,ru,TaisiaAvdeeva,"Сегодня я настоящая ватница: в ватнике, со сладкой ватой и только что от Соловьева",Tue Apr 22 14:33:37 +0000 2014,2168.0,279.0,1.0
2504171440.0,Москва,Ольга Ильина,75.0,548.0,Moscow,False,ru,patriotka_rusi,умная,Wed Apr 23 14:33:08 +0000 2014,631.0,87.0,4.0
2512420407.0,"Калуга, Россия",Руслан Рогов,4507.0,657.0,Volgograd,False,ru,russilanrogov,"Умом Россию не понять, Аршином общим не измерить: У ней особенная стать — В Россию можно только верить.",Sun Apr 27 11:14:41 +0000 2014,1644.0,75.0,3.0
2512994207.0,,Невротик,97.0,1912.0,Moscow,False,ru,rusnevrotik,,Sun Apr 27 16:34:47 +0000 2014,2658.0,120.0,1.0
2514979491.0,Я везде,Старая разведчица,2360.0,1135.0,Volgograd,False,ru,razvedchica_,"За Россию! Знаю много, говорю мало",Mon Apr 28 15:37:43 +0000 2014,1261.0,549.0,3.0
2524942055.0,"Москва, Россия",Вячеслав Пономарёв,76.0,490.0,Moscow,False,ru,ponomarevSlav,,Sat May 03 07:34:27 +0000 2014,545.0,274.0,2.0
2525032463.0,"Ярославль, Россия",Виктория Борисова,2513.0,594.0,Volgograd,False,ru,ViBorisova,"На первом месте должны быть родина и родители, потом дети и вся семья, а затем остальные родственники.",Sat May 03 08:41:33 +0000 2014,908.0,189.0,0.0
2527537955.0,Москва,Николай Черненко,2233.0,1243.0,Volgograd,False,ru,ChernenkoNikola,"Патриотизм, чей бы то ни был, доказывается не словом, а делом.",Sun May 04 08:18:36 +0000 2014,427.0,243.0,2.0
2527804618.0,"Москва, Россия",Роман Агафонов,2452.0,835.0,Moscow,False,ru,RomanAgafonovv,"Человек, а это в наше время редкость!",Sun May 04 10:31:27 +0000 2014,393.0,379.0,1.0
2527983201.0,Питер,Степан Сазонов,2204.0,529.0,Volgograd,False,ru,StepanSazono,"Только доблесть бессмертно живет, Ибо храбрые славны вовеки!",Sun May 04 12:03:24 +0000 2014,759.0,202.0,2.0
2528245959.0,Москва,Василич,2495.0,938.0,Volgograd,False,ru,VasilichVasili,"Попади только на чужбину, так начнешь уверять, что у нас свиньи жареные разгуливают.",Sun May 04 14:12:42 +0000 2014,442.0,192.0,2.0
2528293132.0,Moscow,Антон Ерофеенко,2189.0,701.0,Volgograd,False,ru,ErofeenkoAnton,"Десантников бывших не бывает! Воин дяди Васи, события на Украине не одобряю!",Sun May 04 14:30:32 +0000 2014,419.0,252.0,1.0
2530603456.0,Москва,Алексей Соколов,337.0,2669.0,Yerevan,False,ru,Aleksey_Sokol_,"Член ВПП Единая Россия, , зам. председателя МГЕР МО Марьино",Mon May 05 09:35:10 +0000 2014,2853.0,1702.0,4.0
2531159968.0,"Washington, DC",Tracy Brooks,3696.0,4655.0,Eastern Time (US & Canada),False,en,traceyhappymom,"Great thoughts speak only to the thoughtful mind, but great actions speak to all mankind.",Mon May 05 14:13:47 +0000 2014,3778.0,3353.0,21.0
2532597577.0,USA,Bruce Dublin,2161.0,2995.0,Eastern Time (US & Canada),False,en,BrucieDublin,,Thu May 29 12:43:47 +0000 2014,1854.0,1807.0,23.0
2532611755.0,Atlanta,Kathie,2970.0,4267.0,Eastern Time (US & Canada),False,en,KathieMrr,"Imperfection is beauty, madness is genius and it's better to be absolutely ridiculous than absolutely boring",Thu May 29 12:50:04 +0000 2014,2094.0,3157.0,22.0
2533001646.0,USA,Jasper Flynn,1957.0,3379.0,Eastern Time (US & Canada),False,en,Jasper_Fly,#hashtagwarrior and your mom knows it!,Thu May 29 16:57:09 +0000 2014,2416.0,1782.0,15.0
2533653547.0,USA,Eva Green,2668.0,1831.0,Eastern Time (US & Canada),False,en,EvaGreen69,"God comes 1st. My Daughters, & my husband retired Navy Vet, are the center of my world.. Serving the Lord for the rest of my life. TRUMP 2016!",Thu May 29 23:40:26 +0000 2014,1325.0,2884.0,46.0
2533984805.0,Чита,Роман Горолов,2452.0,1080.0,Moscow,False,ru,romanGorolov,Работаю в Государственной ветеринарной службе Забайкальского края. Вижу Россию сильной страной,Wed May 07 14:14:55 +0000 2014,876.0,119.0,2.0
2534875924.0,,F.R.I.E.N.D.S,70.0,2024.0,Moscow,False,ru,6Druz,"Если я стану похож на своих родителей, то либо стану блондинкой-алкоголичкой, которая гоняется за двадцатилетними парнями, либо буду, как моя мама.",Thu May 08 09:32:12 +0000 2014,2751.0,11.0,0.0
2535166748.0,USA,Paola Kinck,2145.0,3518.0,Eastern Time (US & Canada),False,en,PaolaKinck,"stand 4 conservatism, patriotism & optimism: Don't Take My Lemonade Stand & Obama 2012 Slogans.Protect our Kids! #WakeUpAmerica",Fri May 30 14:14:48 +0000 2014,2082.0,2956.0,24.0
2535218881.0,Atlanta,Hailey Romano,1857.0,2035.0,Eastern Time (US & Canada),False,en,heyheyhailey,,Fri May 30 14:34:05 +0000 2014,1542.0,1539.0,8.0
2535353390.0,Atlanta,Caleb Paar,1374.0,2983.0,Eastern Time (US & Canada),False,en,CalebPaar,,Fri May 30 15:56:10 +0000 2014,1438.0,1698.0,12.0
2535818742.0,New York,Kendra,1688.0,2746.0,Eastern Time (US & Canada),False,en,happkendrahappy,"Stop trying to fix the POLICE; fix the GHETTO! 

#WakeUpAmerica #TCOT #PJNET #BlueLivesMatter",Fri May 30 20:55:46 +0000 2014,2301.0,1307.0,32.0
2536146374.0,"Atlanta, Georgia",Danny,1857.0,2191.0,Eastern Time (US & Canada),False,en,dannythehappies,You know you're in love when you can't fall asleep because reality is finally better than your dreams,Sat May 31 00:27:24 +0000 2014,1405.0,1548.0,17.0
2537592520.0,"Барнаул, Россия",Колорад,2412.0,795.0,Moscow,False,ru,Kolradskiy_Zhuk,Люблю Россию и ничего не могу с собой поделать,Fri May 09 19:02:53 +0000 2014,1061.0,106.0,4.0
2538941639.0,,Прынцесса,168.0,1158.0,Volgograd,False,ru,sovasof,"нельзя выбросить человека из головы.
а из окна - можно.",Sat May 10 12:05:13 +0000 2014,843.0,151.0,1.0
2540596597.0,"Atlanta, GA",Chris,2456.0,4237.0,Eastern Time (US & Canada),False,en,holycrapchrix,Addicted to #hashtag #games,Mon Jun 02 02:03:39 +0000 2014,2768.0,2134.0,34.0
2540758755.0,USA,Stanley Cox,2508.0,1410.0,Central Time (US & Canada),False,en,Stanley_Cox_,"christian, pro life,conservative,strong supporter of Israel. Constitutionalist, #2A supporter",Sun May 11 10:33:38 +0000 2014,930.0,2859.0,27.0
2540882036.0,US,Toby Kress,1424.0,1396.0,Eastern Time (US & Canada),False,en,heyits_toby,"Guardian of the Animals, Conservative, DIY'er, ninja #tcot",Mon Jun 02 06:34:52 +0000 2014,1011.0,1676.0,10.0
2541215075.0,Санкт-Петербург,Ленка Воропаева,2160.0,549.0,Moscow,False,ru,GvardeykaLena,Вступай в #МолодаяГвардия,Sun May 11 15:53:17 +0000 2014,312.0,50.0,1.0
2541945841.0,Atlanta,Eric Roberts,2011.0,3777.0,Eastern Time (US & Canada),False,en,mr_clampin,,Mon Jun 02 18:05:55 +0000 2014,2403.0,1770.0,13.0
2547141851.0,"Chicago, IL",Chicago Daily News,19525.0,39293.0,Central Time (US & Canada),False,en,ChicagoDailyNew,"Local news, sports, business, politics, entertainment, travel and opinion for Chicago and Illinois. DM us 24/7",Wed May 14 10:48:50 +0000 2014,10.0,7063.0,214.0
2547539571.0,,More,126.0,1083.0,Volgograd,False,ru,MsM0re,Об твое сердце мог бы разбиться даже Титаник.,Wed May 14 15:09:05 +0000 2014,1980.0,145.0,1.0
2559217373.0,Москва,Алексей Владимиров,2211.0,620.0,Volgograd,False,ru,AlexsVladimirov,,Thu May 22 18:47:02 +0000 2014,1679.0,71.0,0.0
2559850571.0,"Москва, Россия",Олег Лапин,83.0,432.0,Volgograd,False,ru,LapinOlegg,Любовь к родине — первое достоинство цивилизованного человека.,Fri May 23 05:39:16 +0000 2014,307.0,129.0,3.0
2563274242.0,Москва,Статский Советник,2147.0,978.0,Volgograd,False,ru,SovetnikStatski,"Говорунов много, а бойцов, на всю Россию — я и эти трое!",Sun May 25 10:39:05 +0000 2014,772.0,373.0,2.0
2568897527.0,Москва,Сергей Брянцев,51.0,1280.0,Yerevan,False,ru,Sergbriantsev,"Только одно отечество заключает в себе то, что дорого всем.",Wed May 28 12:37:40 +0000 2014,748.0,3.0,0.0
2569229674.0,New - York,Lora Green,4009.0,5867.0,Eastern Time (US & Canada),False,en,LoraGreeen,Be the change that you wish to see in the world,Wed May 28 16:02:11 +0000 2014,3676.0,3363.0,32.0
2570017414.0,"Memphis, TN",Memphis Online,18704.0,4223.0,Central Time (US & Canada),False,en,OnlineMemphis,"Breaking news, weather, traffic and more for Memphis and Tennessee. DM us anytime. RTs not endorsements",Thu May 29 01:01:16 +0000 2014,3.0,5751.0,113.0
2570250275.0,USA,Aiden Ramsey,1794.0,2284.0,Eastern Time (US & Canada),False,en,Aiden7757,"In order to succeed, your desire for success should be greater than your fear of failure.",Thu May 29 09:58:50 +0000 2014,1711.0,1527.0,17.0
2570631118.0,United States,Politweecs,32846.0,559.0,Central Time (US & Canada),False,en,Politweecs,Tweets and politics,Thu May 29 16:09:26 +0000 2014,51.0,25600.0,117.0
2571344730.0,,Моно,102.0,935.0,Volgograd,False,ru,shapka_mono,Ясно - и конец диалогу,Mon Jun 16 17:49:33 +0000 2014,1331.0,497.0,1.0
2571870453.0,"Detroit, Michigan",Detroit Daily News,18617.0,18924.0,Central Time (US & Canada),False,en,DetroitDailyNew,"Local news, sports, business, politics, entertainment, travel and opinion for Detroit. DM us 24/7",Fri May 30 07:24:00 +0000 2014,4.0,5144.0,193.0
2571997365.0,USA,Anthony Porter,1545.0,2196.0,Central Time (US & Canada),False,en,toneporter,,Fri May 30 09:13:02 +0000 2014,1367.0,1408.0,10.0
2572058134.0,USA,Leroy Barton,1545.0,1501.0,Eastern Time (US & Canada),False,en,LeroyLovesUSA,"Conservative #tcot #pjnet ReTweets ≠ Endorsement
#GodBlessAmerica",Fri May 30 09:52:16 +0000 2014,976.0,1321.0,9.0
2572092279.0,US,Justin,1969.0,2148.0,Eastern Time (US & Canada),False,en,hipppo_,Striving for excellence motivates you; striving for perfection is demoralizing,Fri May 30 10:41:42 +0000 2014,1520.0,1855.0,9.0
2574715662.0,Russia,Михаил Новиков,912.0,765.0,Volgograd,False,ru,mihanovikov,Мила нам добра весть о нашей стороне: Отечества и дым нам сладок.,Wed Jun 18 12:14:15 +0000 2014,1088.0,1148.0,9.0
2575046530.0,"Ростов-на-Дону, Россия",Глеб Никонов,2464.0,807.0,Volgograd,False,ru,GlebNikon,"Патриот — это человек, служащий родине, а родина — это прежде всего народ.",Sun Jun 01 09:39:52 +0000 2014,227.0,165.0,0.0
2575471053.0,Санкт-Петербург ,Сергеев Анатолий,2467.0,956.0,Volgograd,False,ru,Sergeev_Tolik,"Те, кто отвергает религию, со временем теряют уважение к таким ценностям и понятиям, как честь, родина и нация.",Sun Jun 01 14:50:02 +0000 2014,392.0,206.0,0.0
2577152109.0,,ДенИс,87.0,1479.0,Moscow,False,ru,Denn_Nikitin,,Mon Jun 02 10:35:09 +0000 2014,1719.0,70.0,0.0
2578226850.0,Россия,Борис Елисеев,2163.0,581.0,Volgograd,False,ru,BorisEleseev,Служу России!!!,Fri Jun 20 07:35:09 +0000 2014,320.0,229.0,0.0
2578422308.0,"Тула, Тульская область",Cоюзники России,21072.0,15364.0,Abu Dhabi,False,en,russianallies,"Александр III: У России есть только два союзника: её Армия и Флот. 
Новости об армии из оружейной столицы России",Fri Jun 20 10:17:19 +0000 2014,0.0,2926.0,134.0
2579342751.0,USA,Proud Robert,1982.0,1325.0,Baku,False,en,RealRobert1987,"Faith, Honesty, Family, Work, Self Discipline, Loyalty, Courage, Defending Innocent, Personal Responsibility. Patriot. Conservative
#WakeUpAmerica",Tue Jun 03 04:02:16 +0000 2014,639.0,1834.0,17.0
2584152521.0,Montgomery,Jacky,1704.0,2233.0,Eastern Time (US & Canada),False,en,queenofthewo,"I have not failed. I've just found 10,000 ways that won't work",Thu Jun 05 12:27:57 +0000 2014,1275.0,1427.0,11.0
2586491520.0,"Москва, Россия",Валя Бочарников,212.0,1368.0,Nairobi,False,ru,Bocharnikov_V,И дым отечества нам сладок и приятен!,Tue Jun 24 23:36:30 +0000 2014,1080.0,1372.0,3.0
2586506586.0,Москва,Александр Харитонов,2231.0,1257.0,Moscow,False,ru,AlexHarritonov,Общественный деятель,Tue Jun 24 23:50:56 +0000 2014,521.0,136.0,1.0
2587100717.0,USA,Jude Lambert,1688.0,1515.0,Central Time (US & Canada),False,en,JudeLambertUSA,"God. Country. Family. #tcot
#RedNationRising  #InGodWeTrust",Fri Jun 06 13:58:27 +0000 2014,939.0,1525.0,21.0
2587843805.0,"Kansas City, MO",KansasCityDailyNews,25356.0,42560.0,Central Time (US & Canada),False,en,KansasDailyNews,"Local news, sports, business, politics, entertainment, travel and opinion for Kansas. DM us 24/7",Fri Jun 06 19:56:04 +0000 2014,1.0,5169.0,166.0
2589353987.0,USA,Cassie Weltch,1710.0,2455.0,Eastern Time (US & Canada),False,en,CassieWeltch,"Ask and it will be given to you; search, and you will find; knock and the door will be opened for you",Sat Jun 07 13:13:24 +0000 2014,1381.0,1415.0,8.0
2590038478.0,USA,Raphael,1313.0,1521.0,Eastern Time (US & Canada),False,en,PatriotRaphael,"Pissed off patriot. #2A supporter #tcot
#WakeUpAmerica",Sat Jun 07 18:41:41 +0000 2014,989.0,1555.0,19.0
2601235821.0,"Pittsburgh, PA",Pittsburgh Today,18917.0,32006.0,Eastern Time (US & Canada),False,en,TodayPittsburgh,"Pittsburgh's local news on Twitter. Breaking news, sports, events  and international news. Tweet us or DM",Wed Jun 11 14:24:00 +0000 2014,7.0,6350.0,145.0
2604334823.0,USA,Jarrard,1738.0,2189.0,Eastern Time (US & Canada),False,en,JarrardNorman,What’s money? A man is a success if he gets up in the morning and goes to bed at night and in between does what he wants to do.,Thu Jun 12 18:16:18 +0000 2014,1416.0,1354.0,18.0
2606301939.0,USA,Donald Finley,1409.0,4283.0,Central Time (US & Canada),False,en,finley1589,"Conservative. Politics. Pro-Life. Writer. 
#GodBlessAmerica #WakeUpAmerica #InGodWeTrust",Fri Jun 13 13:35:19 +0000 2014,6237.0,1187.0,41.0
2616344667.0,United States,Amy Green,3557.0,4461.0,Eastern Time (US & Canada),False,en,AmandaVGreen,You have to go through the worst to arrive at your best,Tue Jun 17 05:45:51 +0000 2014,2672.0,3303.0,37.0
2620614029.0,"Philadelphia, PA",Philadelphia Online,15904.0,9725.0,Eastern Time (US & Canada),False,en,PhiladelphiaON,"Breaking news, weather, traffic and more for Philadelphia and Pennsylvania. DM us anytime. RTs not endorsements",Wed Jun 18 17:42:55 +0000 2014,4.0,5890.0,118.0
2620869737.0,USA,David Collier,1780.0,1757.0,Eastern Time (US & Canada),False,en,pureDavie,I would rather die of passion than of boredom.,Wed Jun 18 19:34:30 +0000 2014,1055.0,1603.0,14.0
2624554209.0,"Los Angeles, CA",Los Angeles Daily,17851.0,7288.0,Pacific Time (US & Canada),False,en,DailyLosAngeles,"Follow for LA's breaking news, special reports, entertainment and more from @DailyLosAngeles",Fri Jun 20 03:22:39 +0000 2014,4.0,7200.0,192.0
2665564544.0,,Мюсли Лаврова,47080.0,11798.0,Volgograd,False,ru,LavrovMuesli,"Держу МИД, спорю с дебилами, бл@#%.
Пародийный аккаунт, содержит «юмор», «комментарии» и «недостоверную информацию».  Берегите себя и своих близких.",Mon Jul 21 10:56:38 +0000 2014,1026.0,2356.0,359.0
2668171329.0,USA,Bob Hodges,3080.0,3935.0,Eastern Time (US & Canada),False,en,brightandglory,,Thu Jul 03 15:01:56 +0000 2014,3359.0,3240.0,24.0
2671070290.0,USA,Blake Cline,2035.0,3325.0,Eastern Time (US & Canada),False,en,PatriotBlake,"Big Government=corruption, #NRA, Conservative, My Tweets=my personal opinions
#GodBlessAmerica",Fri Jul 04 08:01:06 +0000 2014,3533.0,2286.0,38.0
2732675512.0,arkansas,Bekky Garner,2496.0,3942.0,Eastern Time (US & Canada),False,en,BGarner2107,embrace yourself,Sun Aug 03 19:00:10 +0000 2014,2765.0,2159.0,27.0
2742482932.0,Boston,Casey Pittman,1907.0,2537.0,Eastern Time (US & Canada),False,en,cascaseyp,Do not let what you cannot do interfere with what you can do.,Thu Aug 14 07:52:32 +0000 2014,972.0,1567.0,15.0
2743327187.0,"Washington, D.C.",Washington Online,31729.0,28939.0,Eastern Time (US & Canada),False,en,WashingtOnline,"Breaking news, weather, traffic and more for Washington. DM us anytime. RTs not endorsements",Fri Aug 15 07:33:02 +0000 2014,31.0,12148.0,263.0
2752677905.0,"New York, NY",New York City Today,60897.0,42438.0,Eastern Time (US & Canada),False,en,TodayNYCity,"New York City's local news on Twitter. Breaking news, sports, events and international news. Tweet us or DM",Wed Aug 27 17:34:47 +0000 2014,42.0,5999.0,208.0
2753146444.0,"City of Cleveland, USA",Cleveland Online,16297.0,15314.0,Central Time (US & Canada),False,en,OnlineCleveland,"Breaking news, weather, traffic and more for Cleveland. DM us anytime. RTs not endorsements",Thu Aug 28 07:00:42 +0000 2014,4.0,7621.0,80.0
2753211010.0,"City of Phoenix, Arizona",Phoenix Daily News,14895.0,19310.0,Arizona,False,en,PhoenixDailyNew,"Local news, sports, business, politics, entertainment, travel and opinion for Phoenix and Arizona. DM us 24/7",Thu Aug 28 09:32:33 +0000 2014,4.0,5412.0,132.0
2753338899.0,"City of San Antonio, TX",San Antonio Top News,19506.0,13260.0,Central Time (US & Canada),False,en,SanAntoTopNews,"San Antonio top news and stories, powered 24/7",Thu Aug 28 14:35:55 +0000 2014,3.0,8167.0,104.0
2882013788.0,"Pittsburgh, US",Giselle Evans,24344.0,18466.0,Eastern Time (US & Canada),False,en,GiselleEvns,"if you don't work hard to achieve your dreams, you'll never achieve them",Wed Oct 29 11:47:31 +0000 2014,9122.0,21953.0,113.0
2882037326.0,USA,Dana Gold,20941.0,13591.0,Eastern Time (US & Canada),False,en,DanaGeezus,Producer,Wed Oct 29 12:07:12 +0000 2014,11920.0,14773.0,130.0
2882331822.0,USA,Jenna Abrams,61609.0,20576.0,Eastern Time (US & Canada),False,en,Jenn_Abrams,Politics is a circus of hypocrisy. I DO care. Any offers/ideas/questions? DM or email me jennnabrams@gmail.com,Wed Oct 29 16:57:18 +0000 2014,8763.0,20600.0,456.0
4508630900.0,,,,,,,,TheFoundingSon,,,,,
2882350436.0,USA,Christian Morgan,18062.0,10121.0,Pacific Time (US & Canada),False,en,ChrixMorgan,I'm so funny. I can make myself laugh,Wed Oct 29 16:41:11 +0000 2014,6268.0,9033.0,97.0
2928870434.0,,Newspeak Daily,5786.0,10611.0,Eastern Time (US & Canada),False,en,NewspeakDaily,it's never too late to reinvent the bicycle,Sat Dec 13 17:39:36 +0000 2014,0.0,874.0,65.0
2943515140.0,,Screamy Monkey,13214.0,45883.0,Pacific Time (US & Canada),False,en,ScreamyMonkey,First frontier.News aggreagtor.,Sat Dec 27 08:31:21 +0000 2014,1165.0,14051.0,44.0
2951556370.0,,Special Affair,11237.0,36058.0,Pacific Time (US & Canada),False,en,SpecialAffair,Political junkie in action,Tue Dec 30 17:41:33 +0000 2014,948.0,10072.0,51.0
3071479646.0,"Baltimore, MD",Baltimore Online,6406.0,10773.0,Eastern Time (US & Canada),False,en,Baltimore0nline,"Breaking news, weather, traffic and more for Baltimore. DM us anytime. RTs not endorsements",Tue Mar 10 13:26:38 +0000 2015,78.0,5272.0,112.0
3074563039.0,"St Louis, MO",St. Louis Online,8329.0,17082.0,Eastern Time (US & Canada),False,en,StLouisOnline,"Breaking news, weather, traffic and more for St. Louis. DM us anytime. RTs not endorsements",Thu Mar 12 03:43:19 +0000 2015,9.0,5249.0,145.0
3080829096.0,"Richmond, VA",Richmond Voice,2804.0,5234.0,Eastern Time (US & Canada),False,en,RichmondVoice,Richmond's latest news source. Follow us for original reporting and trusted news @RichmondVoice. DM your local news tips,Sat Mar 14 13:09:05 +0000 2015,3.0,4719.0,29.0
3083086600.0,USA,Kristian Aldrich,1483.0,1162.0,Eastern Time (US & Canada),False,en,Aldrich420,"Retired Chief Financial Officer, Patriot, Conservative Constitutionalist, 2nd Amend Supporter, Penn State Grad - Political Science, Fitness Enthusiast",Tue Mar 10 02:43:42 +0000 2015,940.0,1670.0,24.0
3083844539.0,,Holly Elder,1831.0,3066.0,Eastern Time (US & Canada),False,en,Hollydler,"I live by the creed God, family, country. I'm a #BlueLives family. #lnyhbt #tcot #Israel #ccot #PJNET #policeLivesMatter",Tue Mar 10 12:14:35 +0000 2015,3525.0,1493.0,20.0
3084088366.0,,Kenneth Pierce,2286.0,1695.0,Eastern Time (US & Canada),False,en,PriceForPierce,Constitutional conservative-Pro life-Pro 2nd amendment-Christian,Tue Mar 10 13:51:14 +0000 2015,1029.0,2696.0,30.0
3084360275.0,USA,Milo Blake,1916.0,1659.0,Eastern Time (US & Canada),False,en,Mil0Blake,"Faith, Honesty, Family, Work, Self Discipline, Loyalty, Courage, Defending Most Innocent, Personal Responsibility & Helping Others Help Themselves #tcot",Tue Mar 10 16:44:21 +0000 2015,852.0,1977.0,25.0
3084866039.0,,Devin Brewer,1590.0,1061.0,Pacific Time (US & Canada),False,en,DevineDevinBr,"#JESUS IS MY LOVE - TEA PARTY. ARREST OBAMA REGIME #TCOT
#RedNationRising #InGodWeTrust",Tue Mar 10 21:06:03 +0000 2015,511.0,1361.0,28.0
3091936475.0,"Newark, NJ",Newark Voice,4108.0,11511.0,Eastern Time (US & Canada),False,en,NewarkVoice,Newark's latest news source. Follow us for original reporting and trusted news @NewarkVoice,Sun Mar 15 07:23:30 +0000 2015,0.0,3732.0,42.0
3091979410.0,"Baton Rouge, LA",Baton Rouge Voice,3110.0,20707.0,Eastern Time (US & Canada),False,en,BatonRougeVoice,Baton Rouge's latest news source. Follow us for original reporting and trusted news @BatonRougeVoice. DM your local news tips,Sun Mar 15 07:27:59 +0000 2015,0.0,2382.0,42.0
3312143142.0,StLouis,1-800-WOKE-AF,19314.0,28695.0,Pacific Time (US & Canada),False,en,gloed_up,"No black person is ugly 
#BRONZE #BlackLivesMatter #BlackToLive",Tue Aug 11 07:22:47 +0000 2015,12132.0,10011.0,255.0
3438999494.0,,World Of Hashtags,7379.0,21500.0,Eastern Time (US & Canada),False,en,WorldOfHashtags,Hosted by @GiselleEvns. Join #WorldOfHashtags game on Mondays at 9AM ET/ Wednesdays at 10AM ET,Thu Sep 03 17:13:40 +0000 2015,27181.0,5462.0,80.0
3899481526.0,,Syria Today,26430.0,10162.0,London,False,en,todayinsyria,News about war in #Syria & #ISIS,Thu Oct 08 12:27:46 +0000 2015,93.0,6100.0,273.0
3978316814.0,,BlackMatters,15026.0,3252.0,Pacific Time (US & Canada),False,en,blackmattersus,"Fast-growing black community. Latest news and everyday updates, opinions on today’s racial justice issues.#BlackMattersUS #BLM",Thu Oct 22 08:38:41 +0000 2015,2830.0,14414.0,144.0
3990577513.0,,Tea Party News,19976.0,1649.0,Pacific Time (US & Canada),False,en,tpartynews,,Fri Oct 23 11:07:56 +0000 2015,928.0,21908.0,97.0
4036537452.0,,4 My Squad,4733.0,1489.0,Pacific Time (US & Canada),False,en,4MySquad,#BlacklivesMatter,Tue Oct 27 15:08:31 +0000 2015,544.0,4008.0,35.0
4178313619.0,,Black Eye,4555.0,1742.0,Pacific Time (US & Canada),False,en,BlackEyeBlog,Education and information is our tool and weapon. And we are going to use them.,Mon Nov 09 10:31:30 +0000 2015,469.0,5155.0,49.0
4217244274.0,,Black Voice,8339.0,1545.0,Pacific Time (US & Canada),False,en,Blk_Voice,"Black is the new Black!
#BlackLivesMatter",Wed Nov 18 10:26:56 +0000 2015,3.0,6374.0,75.0
4271904983.0,All Over Texas,Heart Of Texas,5391.0,848.0,Central Time (US & Canada),False,en,ItsTimeToSecede,TX patriots united for real action. Secede if Hillary! #2A #NeverHillary #Texit #TexasSecede,Wed Nov 25 07:03:04 +0000 2015,604.0,5783.0,34.0
4301962823.0,Black America,Black News,11518.0,1370.0,Pacific Time (US & Canada),False,en,BlackNewsOutlet,Freedom is never given; it is won. #BlackLivesMatter,Sat Nov 28 01:17:40 +0000 2015,36.0,6737.0,130.0
4311371968.0,,Right and Proud,9297.0,791.0,Pacific Time (US & Canada),False,en,rightnpr,Conservative; Politically incorrect; Christian. Proud American; The only Left we have is Regressive Left,Sat Nov 28 21:53:33 +0000 2015,46.0,7930.0,32.0
4355797094.0,"Texas, USA",South Lone Star,22049.0,2108.0,Pacific Time (US & Canada),False,en,SouthLoneStar,Proud TEXAN and AMERICAN patriot #2a #prolife #Trump2016 #TrumpPence16 PC is against Freedom of speech and Islam is against western culture,Wed Nov 25 12:33:28 +0000 2015,216.0,14785.0,123.0
4856706634.0,,Don't Shoot,4683.0,757.0,Pacific Time (US & Canada),False,en,dontshootcom,'Don't Shoot' aims to empower and encourage people to take action in struggle for social justice. Unite and fight against #PoliceBrutality!,Thu Jan 28 09:36:21 +0000 2016,460.0,4612.0,41.0
4859142199.0,,Traynesha Cole 🌐,11756.0,7118.0,Pacific Time (US & Canada),False,en,TrayneshaCole,"Love for all my people of Melanin. Your BLACK is BEAUTIFUL!
#MyPussyMyChoice #BlackGirlsMagic #BlackLivesMatter",Thu Feb 04 13:35:05 +0000 2016,2010.0,9599.0,133.0
1504356343.0,USA,Eliana Galloway,1000.0,1721.0,Eastern Time (US & Canada),False,en,GallowayEliana,"Slave blood. Melanin. Water. Fire. Honey
#BlackLivesMatter bih",Tue Jun 11 15:38:17 +0000 2013,1882.0,939.0,14.0
1512371617.0,USA,Cateline,1194.0,1589.0,Eastern Time (US & Canada),False,en,CatelineWatkins,,Thu Jun 13 04:06:06 +0000 2013,851.0,1666.0,8.0
1527133837.0,United States,Susan Young,953.0,1765.0,Eastern Time (US & Canada),False,en,SusaYung,"I live my own life, #blacktivist",Tue Jun 18 08:08:40 +0000 2013,1773.0,973.0,13.0
1534083420.0,"Atlanta, GA",Tara Franko,470.0,641.0,Eastern Time (US & Canada),False,en,taraformation,"Love my Human family. I hate injustice.Im ready for the Beast ,no matter what form ,shape,size,nationality,color.",Thu Jun 20 14:46:59 +0000 2013,987.0,517.0,2.0
1621376306.0,USA,Sean Beast,670.0,1475.0,Eastern Time (US & Canada),False,en,BigSeanBeast,"everybody wants to be a nigga, but nobody wants to be a nigga.
#BlackLivesAlwaysMatter",Thu Jul 25 21:54:29 +0000 2013,1856.0,780.0,8.0
1623062953.0,USA,Shane Mathews,724.0,1346.0,Eastern Time (US & Canada),False,en,NotBallinYet,"A voice of resistance from a person of color living in America |
#BlackToLive!",Fri Jul 26 14:08:30 +0000 2013,1557.0,686.0,7.0
1626302035.0,"Bronx, NY",Clayton Paige,838.0,1328.0,Eastern Time (US & Canada),False,en,ClayPaigeBoo,"Warrior for the Injustices done to my people.
#BlackLivesMatter",Sat Jul 27 20:47:13 +0000 2013,1143.0,1265.0,12.0
1645969141.0,USA,#I'mWokeAF,612.0,1717.0,Eastern Time (US & Canada),False,en,FightM_D_B,fuck my bitch or fuck your bitch... Ican't make my mind up,Sun Aug 04 19:19:46 +0000 2013,2326.0,507.0,10.0
1646999972.0,USA,Patrick,338.0,893.0,Eastern Time (US & Canada),False,en,hollandpatrickk,"Lover of Life and Israel, Jesus and Country music! Conservative Christian! #NRA#2A #Infidel #tcot #InGodWeTrust",Mon Aug 05 05:41:35 +0000 2013,324.0,429.0,6.0
1647637538.0,"Houston, TX",Kayden Melton,2780.0,1672.0,Eastern Time (US & Canada),False,en,KaydenMelton,"Either you run the day, or the day runs you. –Jim Rohn",Mon Aug 05 11:58:45 +0000 2013,1865.0,2404.0,6.0
1649652192.0,,Charles Wright,704.0,1328.0,Eastern Time (US & Canada),False,en,CharlesRespeck,Official feed of corrupt Police in USA. We are just getting started - expect us. #BlackLivesMatter #ACAB,Tue Aug 06 06:54:16 +0000 2013,1259.0,647.0,14.0
1650310652.0,,Praying for Love,2355.0,2826.0,Eastern Time (US & Canada),False,en,HellieEdwards,,Tue Aug 06 13:08:11 +0000 2013,2513.0,3117.0,16.0
1651108392.0,USA,Wonderwoman,51.0,33.0,Eastern Time (US & Canada),False,en,WonderHann,I'm a wonderwoman and wonderwomen don't cry,Tue Aug 06 20:12:35 +0000 2013,12.0,45.0,2.0
1681425248.0,,,,,,,,MarissaImStrong,,,,,
1653393446.0,"Miami, FL",Johnie Vaughan,876.0,1610.0,Eastern Time (US & Canada),False,en,JohnieVOGUE,"Hope for the best. Expect the worst. ✊ I'm not afraid of dying, I'm afraid of not trying",Wed Aug 07 16:50:35 +0000 2013,2310.0,743.0,5.0
1654347974.0,USA,May Sullivan,870.0,1660.0,Eastern Time (US & Canada),False,en,maymaymyy,I got a .45 in my Louis bag yeah #ALLBLACKLIVESMATTER,Thu Aug 08 02:09:53 +0000 2013,1712.0,742.0,5.0
1654695517.0,USA,Paul Stewart,795.0,1417.0,Eastern Time (US & Canada),False,en,ImaSwerve,BassLine Junkie | Black Lives Matter Activist | Baller | Nigga with Attitude,Thu Aug 08 05:49:18 +0000 2013,1492.0,709.0,9.0
1655288160.0,"Baltimore, MD",Sincere Pruitt,612.0,1272.0,Eastern Time (US & Canada),False,en,SincerePruitt,I'd love to trade weekdays for weekends. ⏰ ⏳ ⌛,Thu Aug 08 12:49:14 +0000 2013,1371.0,581.0,9.0
1655815544.0,USA,Jeannette Whitley,830.0,1514.0,Eastern Time (US & Canada),False,en,JeaNuttella,It's hard to believe all this shit whats going on #BLACKLIVESMATTER,Thu Aug 08 17:11:47 +0000 2013,1328.0,647.0,7.0
1657753759.0,"Houston, TX",Jonathan Branch,849.0,1685.0,Eastern Time (US & Canada),False,en,JohnBranchh,Your biggest fear should be the fact I'm Black and my life matters.,Fri Aug 09 13:11:39 +0000 2013,2359.0,852.0,7.0
1659753702.0,,Karen P.,1317.0,1957.0,Eastern Time (US & Canada),False,en,KarenParker93,"Dear LORD, please bless & protect our Military, IJN! 

#RenewUS 
#PJNET 
#CCOT 
#TCOT
#WakeUpAmerica",Sat Aug 10 10:20:15 +0000 2013,1280.0,862.0,17.0
1660183028.0,"Oklahoma, PA",Theresa Elmore,2823.0,1738.0,Eastern Time (US & Canada),False,en,TessyElmore,"18. the struggle is real, but so is God♡. /musicholic/#BlackLivesMatter",Sat Aug 10 13:54:53 +0000 2013,2103.0,2207.0,9.0
1660186831.0,USA,Adrian Greer,717.0,1400.0,Eastern Time (US & Canada),False,en,AdrGreerr,"The most difficult thing is the decision to act, the rest is merely tenacity.",Sat Aug 10 13:46:52 +0000 2013,1378.0,1214.0,9.0
1660804459.0,United States,Damani Miles,815.0,1353.0,Eastern Time (US & Canada),False,en,DamaniMiles,"Unfadeable so please don't try to fade me |
Blacktivist | 
#StayWoke, Monica",Sat Aug 10 19:14:29 +0000 2013,1138.0,682.0,9.0
1662779209.0,USA,Rachael Holbrook,1799.0,1988.0,Eastern Time (US & Canada),False,en,RH0lbr00k,"ALL LIVES MATTER I'm a True Conservative Christian Patriot. I love God, I Love my Country. #pjnet #tcot #GodBlessAmerica",Sun Aug 11 14:58:35 +0000 2013,1850.0,1970.0,15.0
1663583694.0,"Chicago, IL",Malik Chandler,810.0,1507.0,Eastern Time (US & Canada),False,en,FinnaGlo,The worst fool is an educated one…,Sun Aug 11 22:42:28 +0000 2013,1514.0,911.0,7.0
1668314575.0,"Atlanta, GA",Johnie Cooks,674.0,1499.0,Eastern Time (US & Canada),False,en,JohnieBoyCooks,"warm as the sun, dipped in black. full time protagonist, womanist, & revolutionary | STRENGTH, COURAGE, & WISDOM.",Tue Aug 13 16:58:18 +0000 2013,1786.0,647.0,4.0
1670762347.0,"Arizona, USA",Adam Chapman,835.0,1282.0,Eastern Time (US & Canada),False,en,AdamChapmanJR,"Womanist/ #allblacklivesmatter/ Don't be a dick, it's not that difficult /Anthropology major at the University of Arizona",Wed Aug 14 15:08:24 +0000 2013,1081.0,728.0,5.0
1675280893.0,"Atlanta, GA",Brian Carter,880.0,1244.0,Eastern Time (US & Canada),False,en,BrianTheLifter,"If you don't stand for anything, you will fall for everything #blacklivesmatter",Fri Aug 16 09:09:28 +0000 2013,1362.0,698.0,7.0
1678552327.0,,Angel Underwood,782.0,1761.0,Eastern Time (US & Canada),False,en,WokeFromDay1,I will not drown in the rising tide of conformity. I will not let authority ignore me. #staywoke ☯,Sat Aug 17 15:39:32 +0000 2013,1900.0,829.0,15.0
1680366068.0,"Ferguson, MO",Willis Bonner,571.0,1356.0,Eastern Time (US & Canada),False,en,WillisBonnerr,You miss 100% of the shots you don’t take,Sun Aug 18 10:05:28 +0000 2013,1365.0,470.0,7.0
1683608846.0,USA,Jeremy Cooley,596.0,1249.0,Eastern Time (US & Canada),False,en,JerStoner,"If I rude, I rude. Author of All In Love Is Fair",Mon Aug 19 16:03:35 +0000 2013,1212.0,464.0,6.0
1685229229.0,USA,Nehemiah Ingram,691.0,1137.0,Eastern Time (US & Canada),False,en,NehemiahX,"sometimes i feel like Malcolm X before prison.. sometimes i feel like Malcom X after Mecca..
#black #blackpride",Tue Aug 20 08:07:47 +0000 2013,1036.0,642.0,12.0
1688003786.0,USA,Arielle Goodwin,909.0,1614.0,Eastern Time (US & Canada),False,en,QueennArielle,"If you want your children to turn out well, spend twice as much time with them, and half as much money.",Wed Aug 21 10:45:28 +0000 2013,1581.0,941.0,6.0
1691000604.0,"Chicago, IL",Robert Thompson,591.0,1141.0,Eastern Time (US & Canada),False,en,RobertEbonyKing,"Gamer blerd4life, introvert #GodsMiracleChild #blacklivesmatter. searching for my ebony queen. get to know me I won't be quiet I promise",Thu Aug 22 13:11:59 +0000 2013,1074.0,478.0,2.0
1695671640.0,,John Martin,668.0,1431.0,Eastern Time (US & Canada),False,en,JohnnyMarch_,I proud of myself. Imma black,Sat Aug 24 06:17:31 +0000 2013,1482.0,765.0,4.0
1696996141.0,NH,Ken,774.0,1264.0,Eastern Time (US & Canada),False,en,KenCannone,live your life to the fulles,Sat Aug 24 17:04:03 +0000 2013,290.0,580.0,9.0
1706657124.0,US,Janel P.,942.0,1570.0,Eastern Time (US & Canada),False,en,janelperkinson,"Mom. Grad Student. Agnostic Atheist. Nerd. I tweet about race, politics, technology, science, etc. #BlackLiberationMovement",Wed Aug 28 08:13:13 +0000 2013,1678.0,1119.0,5.0
1709314117.0,"Missouri, USA",Matthew Caldwell,897.0,1498.0,Eastern Time (US & Canada),False,en,aantiracist,"Reparations will address society's racism. Let's do more than talk about it, it's time to unite & act on this. Make Black America Great!",Thu Aug 29 06:17:21 +0000 2013,1785.0,735.0,9.0
1711063908.0,USA,cookie monster,678.0,1587.0,Eastern Time (US & Canada),False,en,cookiiieeessss,I eat that cookie like a monster,Thu Aug 29 22:03:28 +0000 2013,1610.0,779.0,8.0
1850866398.0,USA,Brice Geller,711.0,1386.0,Eastern Time (US & Canada),False,en,BriceGeller,"Only the strong survives! Be brave!
#StayWoke",Tue Sep 10 09:05:55 +0000 2013,1408.0,661.0,7.0
1863956756.0,USA,Cory Hale,674.0,1153.0,Eastern Time (US & Canada),False,en,CoryNaeNae,YOUR LEADERS ARE WEAK. WE WILL CRUSH THEM. #BlackLivesMatter #PipeItUp,Sat Sep 14 14:11:28 +0000 2013,1004.0,520.0,5.0
1868810166.0,USA,Khalil Sneed,555.0,1281.0,Eastern Time (US & Canada),False,en,BigBoySneed,Because Pro-Intellect would have been too cliche. FAMU Graduate.,Sun Sep 15 19:03:59 +0000 2013,908.0,512.0,6.0
1873206768.0,,Brent Mcclure,646.0,1425.0,Eastern Time (US & Canada),False,en,BrentMcclure275,"In bad luck, hold out; in good luck, hold in. Slow and steady wins the race and the road to a friends house is never long. #teamblack #antiracist",Mon Sep 16 22:32:27 +0000 2013,1547.0,1008.0,6.0
1877492857.0,USA,Christian Ward,1404.0,15943.0,Eastern Time (US & Canada),False,en,ChesPlaysChess,"God Bless America! #Christian, #American, #Patriot, #TeaParty, #TGDN, #TCOT, #NRA, #LNYHBT, #PJNET",Wed Sep 18 00:47:26 +0000 2013,13474.0,1736.0,56.0
1882324014.0,United States,Patricia Cooper,1262.0,1898.0,Eastern Time (US & Canada),False,en,Pati_Cooper,Just because I am white - I am not racist. Sick of fake racism & being walked on. Conservative - Take America back. RIGHT VS WRONG - learn it!,Thu Sep 19 08:08:12 +0000 2013,1441.0,1532.0,30.0
2351739462.0,"Россия, Москва",Холодная Война 2.0,44470.0,32426.0,Volgograd,False,ru,coldwar20_ru,"Единственный аккаунт, проплаченный Кремлём.",Wed Feb 19 14:06:09 +0000 2014,232.0,5300.0,388.0
2491401030.0,United States,Clifton Hughes,866.0,1236.0,Eastern Time (US & Canada),False,en,CliftonHughes_,Black people will change the world,Mon May 12 12:53:07 +0000 2014,1474.0,975.0,8.0
2496599688.0,Atlanta,Rita Hart,1619.0,2224.0,Eastern Time (US & Canada),False,en,NotRitaHart,Lost in the moment,Thu May 15 15:46:10 +0000 2014,1657.0,2802.0,21.0
2497991305.0,USA,Austin,33.0,103.0,Eastern Time (US & Canada),False,en,AustinLovesBeer,Show me the meaning of being lonely,Fri May 16 07:38:06 +0000 2014,1.0,41.0,4.0
2530830345.0,"New Orleans, LA",New Orleans Online,27745.0,44882.0,Central Time (US & Canada),False,en,NewOrleansON,"Breaking news, weather, traffic and more for New Orleans and Louisiana. DM us anytime. RTs not endorsements",Mon May 05 11:33:03 +0000 2014,33.0,11333.0,157.0
2533221819.0,USA,Kate Stafford,2187.0,1752.0,Volgograd,False,en,LazyKStafford,I'M AN AMERICAN LOVING PATRIOT-MARRIED TO A VIETNAM VET-CHRISTIAN & DEDICATED TO SAVING R FREEDOM!,Tue May 06 17:01:42 +0000 2014,1509.0,1818.0,30.0
2534421182.0,Atlanta,Abigail Silk,858.0,1592.0,Eastern Time (US & Canada),False,en,abigailssilk,,Fri May 30 07:14:05 +0000 2014,846.0,629.0,13.0
2537507303.0,"El Paso, Texas",El Paso Top News,14648.0,8050.0,Central Time (US & Canada),False,en,ElPasoTopNews,"El Paso top news and stories, powered 24/7",Fri May 09 18:10:19 +0000 2014,2.0,5033.0,34.0
2573225349.0,US,Dominic Valentine,2569.0,2775.0,Eastern Time (US & Canada),False,en,DominicValent,Try to be a rainbow in someone's cloud,Sat May 31 03:02:31 +0000 2014,2445.0,3072.0,22.0
2577082467.0,"Cincinnati, OH",Cincinnati Today,16483.0,15189.0,Central Time (US & Canada),False,en,TodayCincinnati,"Cincinnati's local news on Twitter. Breaking news, sports, events and international news. Tweet us or DM",Mon Jun 02 09:58:20 +0000 2014,1.0,9184.0,141.0
2580516159.0,USA,James Cox,1302.0,1652.0,Eastern Time (US & Canada),False,en,JmsCoxxx,"After all is said and done, a lot more will have been said than done",Tue Jun 03 14:28:36 +0000 2014,506.0,2407.0,6.0
2591847731.0,"Boston, USA",Boston Today,15376.0,15425.0,Eastern Time (US & Canada),False,en,TodayBostonMA,"Boston's local news on Twitter. Breaking news, sports, events  and international news. Tweet us or DM",Sun Jun 08 11:20:43 +0000 2014,3.0,8840.0,153.0
2598367019.0,USA,Rick Irwin,2033.0,2309.0,Eastern Time (US & Canada),False,en,DickyIrwin,Well done is better than well said,Tue Jun 10 17:33:37 +0000 2014,2056.0,3105.0,34.0
2611151319.0,"Seattle, WA",Seattle Post,17222.0,27013.0,Central Time (US & Canada),False,en,Seattle_Post,"Be the first to know Seattle's local news. Politics, sport, entertainment, business, features and more that you need to know and share",Sun Jun 15 11:14:44 +0000 2014,17.0,5254.0,201.0
2628066159.0,"Houston, TX",Houston Top News,16678.0,20564.0,Central Time (US & Canada),False,en,HoustonTopNews,"Houston top news and stories, powered 24/7",Sat Jun 21 09:32:57 +0000 2014,14.0,9562.0,115.0
2630842499.0,"San Diego, CA",San Diego Daily,15702.0,18733.0,Pacific Time (US & Canada),False,en,DailySanDiego,"Follow for San Diego's breaking news, special reports, entertainment and more from @DailySanDiego",Sun Jun 22 08:43:22 +0000 2014,2.0,5435.0,219.0
2675966513.0,"Dallas, Texas",Dallas Top News,18843.0,19714.0,Central Time (US & Canada),False,en,DallasTopNews,"Dallas top news and stories, powered 24/7",Sat Jul 05 13:33:55 +0000 2014,6.0,7664.0,151.0
2944766250.0,"Atlanta, GA",Atlanta Online,17346.0,12995.0,Eastern Time (US & Canada),False,en,Atlanta_Online,"Breaking news, weather, traffic and more for Atlanta and Georgia. DM us anytime. RTs not endorsements",Sat Dec 27 08:26:11 +0000 2014,7.0,9424.0,140.0
2944944427.0,"Miami, FL",Miami Today,18832.0,8218.0,Eastern Time (US & Canada),False,en,TodayMiami,"Miami's local news on Twitter. Breaking news, sports, events  and international news. Tweet us or DM",Sat Dec 27 10:32:25 +0000 2014,3.0,9705.0,117.0
3070151882.0,"Brussel, België",Tatiana Maksimova,609.0,6946.0,Volgograd,False,ru,enTatjanaMax,I'm scandinavian traveller and blogger.Also I write about politics EU.,Mon Mar 09 18:17:01 +0000 2015,14349.0,2326.0,50.0
3074013672.0,"Oakland, CA",Oakland Online,12147.0,14867.0,Pacific Time (US & Canada),False,en,OaklandOnline,"Breaking news, weather, traffic and more for Oakland. DM us anytime. RTs not endorsements",Wed Mar 11 22:07:13 +0000 2015,0.0,10232.0,183.0
3081110164.0,"Jackson, MS",Jackson City Post,2643.0,6308.0,Eastern Time (US & Canada),False,en,JacksonCityPost,#CityOfJackson #Jackson #USA #America #US,Mon Mar 09 06:35:04 +0000 2015,0.0,2074.0,56.0
3092302720.0,"New York, NY",Kelvin Sok,0.0,165.0,Eastern Time (US & Canada),False,en,kelvsok,I like to go to parties and talk about memes,Mon Mar 16 02:23:12 +0000 2015,8.0,1.0,0.0
3098232473.0,"New York, NY",Nataly Turner,6.0,173.0,Eastern Time (US & Canada),False,en,nataturn,,Fri Mar 20 02:37:16 +0000 2015,1.0,15.0,1.0
3824403809.0,,Вестник Дамаска,20247.0,8500.0,Volgograd,False,ru,NovostiDamask,,Wed Sep 30 13:21:07 +0000 2015,3.0,2784.0,237.0
3969530725.0,"Texas, USA",Being Patriotic,11811.0,1706.0,Eastern Time (US & Canada),False,en,patriototus,"Being patriotic means love or devotion to your homeland and readiness to defend it from any harm. United we stand, divided we fall.Conservative politics. #PJNet",Wed Oct 21 13:27:31 +0000 2015,2011.0,9265.0,58.0
4103087435.0,,Patriot Archive,7669.0,609.0,Pacific Time (US & Canada),False,en,Patriot_Archive,American history in quotes & videos. Mostly politics.,Tue Nov 03 07:44:50 +0000 2015,269.0,7109.0,35.0
4208754922.0,,People For Justice!,5550.0,1407.0,Pacific Time (US & Canada),False,en,MissouriNewsUS,#NeverHillary,Tue Nov 17 09:29:58 +0000 2015,143.0,5377.0,84.0
4209684039.0,,Luke Jones,2960.0,286.0,Pacific Time (US & Canada),False,en,Luke_Jones13,A silent American patriot who was awoken by Donald Trump’s call to Make America Great Again.,Tue Nov 17 12:39:45 +0000 2015,15.0,1693.0,12.0
4224912857.0,,,,,,,,RealTEN_GOP,,,,,
7.374200000431391e+17,,,,,,,,March_for_Trump,,,,,
4233777387.0,"New Jersey, USA",New Jersey Black,2820.0,451.0,Pacific Time (US & Canada),False,en,nj_blacknews,Latest and most important news about New Jersey black community,Fri Nov 20 10:38:26 +0000 2015,40.0,1890.0,44.0
4289431230.0,"Lafayette, LA",Red Louisiana News,9767.0,1530.0,Pacific Time (US & Canada),False,en,redlanews,Conservative; Right and proud; Christian. Love my country and will stand against liberals and socialists.,Thu Nov 19 11:53:45 +0000 2015,360.0,8729.0,48.0
