id,name,screen_name,statuses_count,followers_count,friends_count,favourites_count,listed_count,url,lang,time_zone,location,default_profile,default_profile_image,geo_enabled,profile_image_url,profile_banner_url,profile_use_background_image,profile_background_image_url_https,profile_text_color,profile_image_url_https,profile_sidebar_border_color,profile_background_tile,profile_sidebar_fill_color,profile_background_image_url,profile_background_color,profile_link_color,utc_offset,is_translator,follow_request_sent,protected,verified,notifications,description,contributors_enabled,following,created_at,timestamp,crawled_at,updated
7248952,Bhuvan Chand,tarunkjuyal,1259,837,1978,3200,9,http://lifeofearth.org,,,Berekely,,,,http://a1.twimg.com/profile_images/53905961/stuntdbl_normal.jpg,,,,,,,,,http://s.twimg.com/a/1288374569/images/themes/theme4/bg.gif,,,,,,,,,Love Your Life,,,1183552203000L,2007-07-04 14:30:03,2010-11-07 11:10:52,2016-03-14 17:05:53
7732472,Daniel Wagner,DanielWagner,770,3274,3595,8,22,http://www.yourinternetbuddies.com/go,,,UK,,,,http://a3.twimg.com/profile_images/719249843/dan-square-crop_normal.png,,,,,,,,,http://a3.twimg.com/profile_background_images/79862973/dan-bw.jpg,,,,,,,,,I am an internet marketing coach and mentor who can help you succeed making money online,,,1185440851000L,2007-07-26 11:07:31,2010-11-07 11:10:52,2016-03-14 17:05:54
9524952,Andrew Lock,Andrewlock,1100,38849,34504,41,1014,http://www.helpmybusiness.com,,,Planet Earth,,,,http://a3.twimg.com/profile_images/516987291/bright_idea_normal.jpg,,,,,,,,,http://s.twimg.com/a/1288305442/images/themes/theme1/bg.png,,,,,,,,,"Marketing Geek & Presenter of 'Help! My Business Sucks!' Web TV Show (www.HelpMyBusiness.com), I'm a self confessed Cola Bottle Addict (but I can stop anytime) ",,,1192725360000L,2007-10-18 18:36:00,2010-11-07 11:10:52,2016-03-14 17:05:54
10788822,Tim Thompson,yourinsaneworld,6497,5902,5496,0,82,http://investing-information.com,,,"Houston, TX",,,,http://a3.twimg.com/profile_images/200984855/tim_thompson_normal.jpg,,,,,,,,,http://s.twimg.com/a/1288039940/images/themes/theme7/bg.gif,,,,,,,,,I am a member of a network of stock investing educators. Check out more stock tips & resources on investing-information.com.,,,1196614406000L,2007-12-02 17:53:26,2010-11-07 11:10:52,2016-03-14 17:05:54
14596967,fxgenie,fxgenie,3203,2570,2638,0,5,http://www.4xgenie.com/wp,,,usa,,,,http://a2.twimg.com/profile_images/53530606/shark_normal.jpg,,,,,,,,,http://a1.twimg.com/profile_background_images/21513830/twitter-template-16_copy.png,,,,,,,,,forex trader,,,1209536534000L,2008-04-30 08:22:14,2010-11-07 11:10:52,2016-03-14 17:05:54
14826060,"Ron Smalley, MD(ret)",ABetterBiz,2467,3421,3575,0,19,http://abetterbiz.com,,,Colorado - USA,,,1.0,http://a2.twimg.com/profile_images/863428642/ron_smalley__md__ret__normal.jpg,,,,,,,,,http://a1.twimg.com/profile_background_images/136589098/x65d451a156f9a88b42fc15400a47390.png,,,,,,,,,We seriously help people make money online the simple easy way with a dynamic program: http://abetterbiz.com for some interesting facts. ,,,1211155018000L,2008-05-19 01:56:58,2010-11-07 11:10:52,2016-03-14 17:05:55
14938781,modernadvantage,modernadvantage,347,1451,1618,1,7,http://www.web-biz-solutions.com/blog,,,"Auburn, Al.",,,1.0,http://a2.twimg.com/profile_images/54788522/0000194372_normal.jpg,,,,,,,,,http://a1.twimg.com/profile_background_images/4029720/j11.jpg,,,,,,,,,"internet, travel, photography",,,1212017203000L,2008-05-29 01:26:43,2010-11-07 11:10:52,2016-03-14 17:05:55
15528595,youtubepixel,youtubepixel,562,891,1643,1,1,http://www.youtubepixel.com,,,London,,,,http://a2.twimg.com/profile_images/273210946/cat_pic_normal.jpg,,,,,,,,,http://s.twimg.com/a/1287010001/images/themes/theme1/bg.png,,,,,,,,,"my name is eddie-i  enjoy videos, internet, social networking and entertainment",,,1216718943000L,2008-07-22 11:29:03,2010-11-07 11:10:52,2016-03-14 17:05:56
16671189,Iulian Baciu,IulianBaciu,24,915,1633,0,2,http://iulianbaciu.com,,,Hamilton. Canada,,,,http://a1.twimg.com/profile_images/219412857/iulian_baciu_normal.jpg,,,,,,,,,http://s.twimg.com/a/1287774835/images/themes/theme12/bg.gif,,,,,,,,,"Positive thinking specialist ! SEO, Marketing, Business",,,1223578831000L,2008-10-09 21:00:31,2010-11-07 11:10:52,2016-03-14 17:05:56
16733141,Venture Hype,venturehype,2511,12049,12263,0,212,http://venturehype.com,,,,,,,http://a3.twimg.com/profile_images/101316499/vh_logo_normal.jpg,,,,,,,,,http://a1.twimg.com/profile_background_images/6039550/vh_logo_tag2.jpg,,,,,,,,,"Learning exchange for aspiring and motivated angel investors. Learn from sophisticated angels and profit from promising startups. Updates by Joey, Randy & Evita",,,1223956217000L,2008-10-14 05:50:17,2010-11-07 11:10:52,2016-03-14 17:06:46
17976561,Scott Parker,ScotParker,9,1406,1797,0,1,,,,"West Palm Beach, Florida",,,,http://a1.twimg.com/profile_images/76577885/jsp_1__normal.jpg,,,,,,,,,http://s.twimg.com/a/1288374569/images/themes/theme6/bg.gif,,,,,,,,,"Online entrepreneur, loving husband,proud father, gaming addict",,,1228777401000L,2008-12-09 00:03:21,2010-11-07 11:10:52,2016-03-14 17:05:56
19121759,iShopd.com,ishopd,66,888,1183,0,0,,,,India,,,,http://a1.twimg.com/profile_images/98209225/logo3_normal.jpg,,,,,,,,,http://a3.twimg.com/profile_background_images/7048053/general_google.jpg,,,,,,,,,Online Social Shopping network of India. Help others make better shopping decisions. What are you shopping? ,,,1232222609000L,2009-01-17 21:03:29,2010-11-07 11:10:52,2016-03-14 17:05:57
19435878,Paul Atkinson,00brien,10,753,837,0,3,http://00brien.com,,,Lincolnshire,,,,http://a0.twimg.com/profile_images/262785952/image_00190_normal.jpg,,,,,,,,,http://a3.twimg.com/profile_background_images/29970229/00slideshow0011nikon.jpg,,,,,,,,,"I have been researching a British Spies life for a few years. My site tells his story. His name's ffrench, Conrad ffrench. ",,,1232785000000L,2009-01-24 09:16:40,2010-11-07 11:10:52,2016-03-14 17:05:57
19581787,Christopher M Vivace,CLdominator,1694,8993,10228,0,4,http://www.blogtalkradio.com/christophervivace,,,Houston TX,,,,http://a0.twimg.com/profile_images/73594340/chris_pic_normal.jpg,,,,,,,,,http://s.twimg.com/a/1287010001/images/themes/theme16/bg.gif,,,,,,,,, inspiring the world through web 2.0 and spiritual intergration ,,,1233042075000L,2009-01-27 08:41:15,2010-11-07 11:10:52,2016-03-14 17:05:57
20338242,Dan,milehighpeople,2394,3947,3944,100,113,http://www.milehighpeople.com,,,Denver,,,1.0,http://a3.twimg.com/profile_images/1106353559/flower_normal.jpg,,,,,,,,,http://a3.twimg.com/profile_background_images/160476115/blue_sky_with_clouds.jpg,,,,,,,,,"News, Entertainment & Sports with a progressive viewpoint from Denver. Follow me & I will follow back.",,,1234046205000L,2009-02-07 23:36:45,2010-11-07 11:10:52,2016-03-14 17:06:46
20531552,Scott Newman,immasterminds,465,7511,8411,1,7,http://immasterminds.com,,,"Southern, USA ",,,,http://a3.twimg.com/profile_images/348726923/followme_normal.png,,,,,,,,,http://a1.twimg.com/profile_background_images/27635254/seattleblue1.jpg,,,,,,,,,"Internet Marketing Masterminds, I'm an (EAR) Entrepreneurial Artistic Realist, Love to share ideas and awesome products",,,1234289703000L,2009-02-10 19:15:03,2010-11-07 11:10:52,2016-03-14 17:05:58
21577213,Leonardo Riviera,leonardoriviera,31,734,1827,1,2,http://www.flickr.com/photos/leophotosite/,,,Bertioga-SP // Brazil,,,,http://a2.twimg.com/profile_images/647863902/riviera_703g12_normal.jpg,,,,,,,,,http://a1.twimg.com/profile_background_images/13029154/vista_riviera23.jpg,,,,,,,,,Corretor de Im\xf3veis na RIVIERA DE S\xc3O LOUREN\xc7O -- Msn: leonardo.riviera@hotmail.com\r\n\r\n-- Hobby: fotografia !!,,,1235321212000L,2009-02-22 17:46:52,2010-11-07 11:10:52,2016-03-14 17:05:58
22597402,Modeling_Agency,Modeling_Agency,10,6727,7518,0,20,http://www.modelingagency.co.uk/,,,London,,,,http://s.twimg.com/a/1288470193/images/default_profile_2_normal.png,,,,,,,,,http://s.twimg.com/a/1288470193/images/themes/theme1/bg.png,,,,,,,,,Welcome to the official http://www.modelingagency.co.uk/ twitter,,,1236064330000L,2009-03-03 08:12:10,2010-11-07 11:10:52,2016-03-14 17:05:58
22979959,Filipe Nogueira,Filipe_Agel,16,1003,1973,0,0,http://www.agel.cc,,,"Vitoria, ES - Brazil",,,,http://a1.twimg.com/profile_images/777031601/filipe2_normal.jpg,,,,,,,,,http://s.twimg.com/a/1288981003/images/themes/theme15/bg.png,,,,,,,,,www.agel.cc\r\nwww.agel.com,,,1236287604000L,2009-03-05 22:13:24,2010-11-07 11:10:52,2016-03-14 17:05:59
23832142,Martin R. Dobbie,abetterlifenow,164,933,1191,2,1,http://www.martindobbie.topwealth1.com,,,"Stettler, Alberta. Canada",,,,http://a2.twimg.com/profile_images/680902422/marty_for_posting_normal.jpg,,,,,,,,,http://s.twimg.com/a/1288374569/images/themes/theme1/bg.png,,,,,,,,,"Retired,Banjo Pick'in,Piano Play'in,Music Lov'in,Ham Radio Operator (VE6MCD) and Internet Marketing Entrepreneur, living the rest of my life to the fullest.",,,1236806337000L,2009-03-11 22:18:57,2010-11-07 11:10:52,2016-03-14 17:05:59
24320335,videoand.tv,videoand,4467,315,530,0,6,http://www.videoand.tv,,,,,,,http://a3.twimg.com/profile_images/342024635/73ef954c5d787641fc158809c05f19c5_normal.jpg,,,,,,,,,http://s.twimg.com/a/1288137272/images/themes/theme11/bg.gif,,,,,,,,,,,,1237001320000L,2009-03-14 04:28:40,2010-11-07 11:10:52,2016-03-14 17:05:59
26912227,Ralph Wilkison,angrynetworker,70,2745,3095,0,2,http://www.pissedoffnetworkmarketer.com,,,,,,,http://a2.twimg.com/profile_images/125817346/ralph_bust_small_normal.jpg,,,,,,,,,http://a1.twimg.com/profile_background_images/9352586/untitled1.jpg,,,,,,,,,The pissed off network marketer is building a MLM business from the gound up - follow along,,,1238117014000L,2009-03-27 02:23:34,2010-11-07 11:10:52,2016-03-14 17:05:59
27159435,bigorna,_bigorna,21,683,2001,0,3,,,,,,,,http://a2.twimg.com/profile_images/649414402/bigorna_normal.jpg,,,,,,,,,http://s.twimg.com/a/1288470193/images/themes/theme1/bg.png,,,,,,,,,,,,1238207415000L,2009-03-28 03:30:15,2010-11-07 11:10:52,2016-03-14 17:06:00
28219482,Alberto Uhart,GoldenyLion,669,1657,1970,4,2,http://myhomebusiness.site50.net/,,,"Brasilia, Brazil",,,,http://a1.twimg.com/profile_images/391400457/twitterprofilephoto_normal.jpg,,,,,,,,,http://a3.twimg.com/profile_background_images/12986033/11199_background.jpg,,,,,,,,,,,,1238626640000L,2009-04-02 00:57:20,2010-11-07 11:10:52,2016-03-14 17:06:00
28587018,Nancy,nancyc197,12,100,116,0,0,,,,Qu\xe9bec (Canada),,,,http://a0.twimg.com/profile_images/256616316/web_opportunities_1_mod1_normal.jpg,,,,,,,,,http://a3.twimg.com/profile_background_images/14511741/twitbg1wv4j4.jpg,,,,,,,,,,,,1238773090000L,2009-04-03 17:38:10,2010-11-07 11:10:52,2016-03-14 17:06:01
29370531,isral bustami,istal00,464,233,527,0,1,http://free-celebswallpapers.com,,,,,,,http://a0.twimg.com/profile_images/347827048/28022009_024__normal.jpg,,,,,,,,,http://s.twimg.com/a/1288470193/images/themes/theme1/bg.png,,,,,,,,,,,,1239075181000L,2009-04-07 05:33:01,2010-11-07 11:10:52,2016-03-14 17:06:01
29444347,Peter Murray,PeterMurray11,152,155,449,0,1,,,,,,,,http://s.twimg.com/a/1288305442/images/default_profile_2_normal.png,,,,,,,,,http://s.twimg.com/a/1288305442/images/themes/theme1/bg.png,,,,,,,,,,,,1239110064000L,2009-04-07 15:14:24,2010-11-07 11:10:52,2016-03-14 17:06:01
29742631,RenatoBiao,renatobiao,194,773,2001,0,1,http://www.ovni.me/bpc,,,Brazil,,,,http://a1.twimg.com/profile_images/489700493/pica-pau_normal.jpg,,,,,,,,,http://a1.twimg.com/profile_background_images/47848658/20071112092509_vasco3d.gif,,,,,,,,,,,,1239205274000L,2009-04-08 17:41:14,2010-11-07 11:10:52,2016-03-14 17:06:47
29822733,Mar\xedlia,mariliazara,17,215,857,0,1,,,,,,,,http://s.twimg.com/a/1288742912/images/default_profile_3_normal.png,,,,,,,,,http://a1.twimg.com/profile_background_images/146672016/city-photography.jpg,,,,,,,,,,,,1239225291000L,2009-04-08 23:14:51,2010-11-07 11:10:52,2016-03-14 17:06:02
30998590,"Daniel Bruno, CMT",daniel_bruno,677,8020,8714,2,22,http://www.fxboss.info,,,London,,,,http://a0.twimg.com/profile_images/701877936/bruno_model_1_normal.jpg,,,,,,,,,http://a1.twimg.com/profile_background_images/88065356/xe3e2b4d139b45c015ff29b262c775a6.jpg,,,,,,,,,Chartered Market Technician. ,,,1239667161000L,2009-04-14 01:59:21,2010-11-07 11:10:52,2016-03-14 17:06:02
31228692,Becky Johnson,Itseasy2begreen,68,7407,8149,2,32,http://www.beckyjohnsonblog.com,,,Oregon,,,,http://a3.twimg.com/profile_images/478140963/pictues_of_me_004_normal.jpg,,,,,,,,,http://s.twimg.com/a/1288374569/images/themes/theme1/bg.png,,,,,,,,,Looking to make the world a little brighter and use earth freindly products that are natural and safe for the environment.,,,1239743800000L,2009-04-14 23:16:40,2010-11-07 11:10:52,2016-03-14 17:06:02
31708548,Crislene Duarte,crisduarte,138,688,1720,1,15,,,,Sete Lagoas/MG - Brasil,,,,http://a1.twimg.com/profile_images/649148069/eu_normal.jpg,,,,,,,,,http://a3.twimg.com/profile_background_images/126649047/cris.jpg,,,,,,,,,Estudante de Comunica\xe7\xe3o - Publicidade e Propaganda,,,1239875583000L,2009-04-16 11:53:03,2010-11-07 11:10:52,2016-03-14 17:06:02
33608758,Thomas Maciel,ThomasMaciel,203,183,77,0,0,,,,Capital-CE,,,,http://a1.twimg.com/profile_images/589606141/ogaaaopurhnuovjaxunhlptzg-bja2t7fxwtjjkqyovurf7djvswe44xvtkcvlxiwrshrpsa2a6nnan86hufvq0232uam1t1ufvsq9a-zomggknkn0kye8eayqhc_normal.jpg,,,,,,,,,http://a3.twimg.com/profile_background_images/69670795/untitled-1.jpg,,,,,,,,,Eu sou apenas um rapaz\nLatino-americano sem dinheiro no banco.\nE vindo do interior@,,,1240251799000L,2009-04-20 20:23:19,2010-11-07 11:10:52,2016-03-14 17:06:03
34255057,Magickeywords,magickeywords,116,1322,1891,2,1,http://wefollow.com/magickeywords,,,Everywhere,,,,http://a3.twimg.com/profile_images/182684983/banner_magic_co.uk_468_normal.jpg,,,,,,,,,http://a3.twimg.com/profile_background_images/11021309/banner_magic_co.uk_468.jpg,,,,,,,,,"Unique web site marketing tool, get seen, get heard, get real for twitter sites",,,1240402908000L,2009-04-22 14:21:48,2010-11-07 11:10:52,2016-03-14 17:06:47
35401956,Lorana.Callazans,LoranaCallazans,448,1334,1892,3,4,,,,Vitoria-es,,,,http://a1.twimg.com/profile_images/412122501/s6301598_normal.jpg,,,,,,,,,http://a3.twimg.com/profile_background_images/70696687/1111111.jpg,,,,,,,,,,,,1240719955000L,2009-04-26 06:25:55,2010-11-07 11:10:52,2016-03-14 17:06:03
35531101,Katie2,Katie2nve,1,257,1084,0,0,http://kl.am/katie2nve,,,,,,,http://a2.twimg.com/profile_images/184849806/05_normal.jpg,,,,,,,,,http://s.twimg.com/a/1288374569/images/themes/theme1/bg.png,,,,,,,,,,,,1240771462000L,2009-04-26 20:44:22,2010-11-07 11:10:52,2016-03-14 17:06:04
36477176,t\xfalio ligeiro,TulioReis,86,200,745,0,1,,,,,,,,http://a3.twimg.com/profile_images/1103192347/dsc02460_normal.jpg,,,,,,,,,http://a3.twimg.com/profile_background_images/67063717/free_twitter_designer.jpg,,,,,,,,,,,,1241038309000L,2009-04-29 22:51:49,2010-11-07 11:10:52,2016-03-14 17:06:04
36878978,Weight Loss Advice,frankly_scarlet,806,2782,2063,0,34,,,,,,,,http://a0.twimg.com/profile_images/199889540/bicep_normal.gif,,,,,,,,,http://s.twimg.com/a/1288217225/images/themes/theme9/bg.gif,,,,,,,,,,,,1241150931000L,2009-05-01 06:08:51,2010-11-07 11:10:52,2016-03-14 17:06:04
37192548,Lalu Hidayat .J,yayak75,206,164,226,3,0,http://www.advertspeed.com,,,Yogyakarta,,,,http://a3.twimg.com/profile_images/195392803/dsc00793_normal.jpg,,,,,,,,,http://a3.twimg.com/profile_background_images/68653607/3d_por_txiru__248_.jpg,,,,,,,,,,,,1241269608000L,2009-05-02 15:06:48,2010-11-07 11:10:52,2016-03-14 17:06:04
38195080,COMENTANDO OS FATOS,AbimaelCosta,34402,1374,2001,263,51,http://comentandoosfatos.blogspot.com/,,,BRASIL,,,1.0,http://a3.twimg.com/profile_images/1160209655/mundo-perf_normal.jpg,,,,,,,,,http://a1.twimg.com/profile_background_images/168574588/mundo-perf.jpg,,,,,,,,,"Um pouco de tudo,fatos interessantes,noticias,comentarios,opinioes,politica",,,1241622151000L,2009-05-06 17:02:31,2010-11-07 11:10:52,2016-03-14 17:06:05
38344324,Paul Maisonneuve,4dreamtravel,12,573,1906,0,16,http://www.4dreamtravel.com,,,"Macon, GA",,,,http://a1.twimg.com/profile_images/228642953/social_img_normal.jpg,,,,,,,,,http://a1.twimg.com/profile_background_images/14485906/social-bground2.jpg,,,,,,,,,,,,1241662978000L,2009-05-07 04:22:58,2010-11-07 11:10:52,2016-03-14 17:06:47
38920016,Loans United States,personalloansUS,125,3826,4159,0,11,http://www.personal-loans-united-states.com/,,,,,,,http://a2.twimg.com/profile_images/204756730/8_normal.jpg,,,,,,,,,http://a1.twimg.com/profile_background_images/12385504/us.jpg,,,,,,,,,"Personal loans information, great rates and more. Check us out at the link above.",,,1241900366000L,2009-05-09 22:19:26,2010-11-07 11:10:52,2016-03-14 17:06:05
38962259,Jo\xe3o Fracisco I. L.,juaooO_F,452,992,1791,2,13,http://www.orkut.com.br/main#profile?uid=11316655552015069233&rl=t,,,an\xe1polis//GO,,,,http://a2.twimg.com/profile_images/491374474/ogaaaclgrpykhyzfqjgkbtmloyjhui3fnuoskekhrm-puk8s9kafh7_tzuzq1rxbzdsp9pkt5ecwgq2h8x5fodg2cuqam1t1ucs1eqg3wk3lnnoov6-edsqkgdr4_normal.jpg,,,,,,,,,http://a3.twimg.com/profile_background_images/48272941/2294038070_7dfe27f4f8.jpg,,,,,,,,,own' .. bjomitwitta ;DD,,,1241916246000L,2009-05-10 02:44:06,2010-11-07 11:10:52,2016-03-14 17:06:06
39527698,Josue Lunardi,jhoso20,25,1441,1912,0,4,,,,Brasil,,,,http://s.twimg.com/a/1288981003/images/default_profile_0_normal.png,,,,,,,,,http://s.twimg.com/a/1288981003/images/themes/theme1/bg.png,,,,,,,,,,,,1242143653000L,2009-05-12 17:54:13,2010-11-07 11:10:52,2016-03-14 17:06:47
39674011,F. Joseph Tawil,FlightCzar,42,128,263,0,1,http://www.flightczar.com,,,New York,,,,http://a0.twimg.com/profile_images/209559328/picresized_1235041744_my_pic_1__normal.jpg,,,,,,,,,http://s.twimg.com/a/1288374569/images/themes/theme1/bg.png,,,,,,,,,"Founder and CEO of www.FlightCzar.com, Online Travel Agency",,,1242184121000L,2009-05-13 05:08:41,2010-11-07 11:10:52,2016-03-14 17:06:48
39688267,Edmir Ver-O-Poema,veropoema,47,133,88,15,7,http://www.veropoema.net,,,Brazil,,,1.0,http://a3.twimg.com/profile_images/1080866923/ver-o-poema_normal.jpg,,,,,,,,,http://a3.twimg.com/profile_background_images/24299439/coresdotempo_20.jpg,,,,,,,,,"Ver-O-Poema: Arte, literatura, m\xfasica, muitos escritores, escritoras, poesias, contos, cr\xf4nicas, ensaios, artigos... Participe!",,,1242189191000L,2009-05-13 06:33:11,2010-11-07 11:10:52,2016-03-14 17:06:48
41177563,Fabio Ricardo,fabioricardo75,16,143,721,0,6,,,,,,,,http://s.twimg.com/a/1288470193/images/default_profile_0_normal.png,,,,,,,,,http://s.twimg.com/a/1288470193/images/themes/theme14/bg.gif,,,,,,,,,,,,1242758342000L,2009-05-19 20:39:02,2010-11-07 11:10:52,2016-03-14 17:06:48
41179792,Michael,ThePikaxus,24,1091,1102,2,1,,,,,,,,http://a0.twimg.com/profile_images/1153865976/ogaaamobmxrxnklyd72ences_izavsvo_dqh-hvrxs8t3wzvquzlf9rhmvbob-fhj-yczcjhs0o87qedxuavysds54aam1t1up8kni32oigipngnn0vxuriygbvg_normal.jpg,,,,,,,,,http://a1.twimg.com/profile_background_images/105886056/stripes3-1.png,,,,,,,,,,,,1242758963000L,2009-05-19 20:49:23,2010-11-07 11:10:52,2016-03-14 17:06:48
41678763,Stream Inbetweeners,_inbetweeners_,6,1081,561,0,9,http://www.theinbetweeners.co.uk,,,,,,,http://a1.twimg.com/profile_images/227150853/post-1218800-1209706419_normal.jpg,,,,,,,,,http://s.twimg.com/a/1288374569/images/themes/theme1/bg.png,,,,,,,,,The only website dedicated to streaming The Inbetweeners for FREE!!!!!!!,,,1242940230000L,2009-05-21 23:10:30,2010-11-07 11:10:52,2016-03-14 17:06:49
41684107,Rafael Carvalho,RafaelTaio,130,914,1995,5,5,,,,,,,,http://a1.twimg.com/profile_images/849248065/bg-portfolio-rcm_normal.jpg,,,,,,,,,http://a3.twimg.com/profile_background_images/36802185/capa.jpg,,,,,,,,,,,,1242941839000L,2009-05-21 23:37:19,2010-11-07 11:10:52,2016-03-14 17:06:49
41877218,g u i g o #,guiLhermex3,246,650,797,2,10,,,,Piracicaba - Sp,,,,http://a3.twimg.com/profile_images/1126939959/g_u_i_g_o___normal.jpg,,,,,,,,,http://a3.twimg.com/profile_background_images/91601235/4ba00b3e44b5b.jpg,,,,,,,,,"estudante, descontraido, engra\xe7ado, baladeiro, amigo, criativo, din\xe2mico, desligado e atualizado, s\xe3o adjetivos nos quais eu me defino.",,,1243018907000L,2009-05-22 21:01:47,2010-11-07 11:10:52,2016-03-14 17:06:49
43066058,Abigail,Abigail08ke,1,151,765,0,0,http://xurl.jp/57q,,,,,,,http://a3.twimg.com/profile_images/239626743/zscenegirl-0579_normal.jpg,,,,,,,,,http://s.twimg.com/a/1287774835/images/themes/theme1/bg.png,,,,,,,,,,,,1243494878000L,2009-05-28 09:14:38,2010-11-07 11:10:52,2016-03-14 17:06:50
43201046,Michael Kann,MichaelJKann,15,560,754,0,5,,,,Frankfurt Germany,,,,http://a0.twimg.com/profile_images/237004240/d37w8020_kopie2_normal.jpg,,,,,,,,,http://s.twimg.com/a/1287010001/images/themes/theme4/bg.gif,,,,,,,,,,,,1243546190000L,2009-05-28 23:29:50,2010-11-07 11:10:52,2016-03-14 17:06:50
43510557,Isabel,Isabel29nk,1,103,644,0,0,http://xurl.jp/3br,,,,,,,http://s.twimg.com/a/1287010001/images/default_profile_6_normal.png,,,,,,,,,http://s.twimg.com/a/1287010001/images/themes/theme1/bg.png,,,,,,,,,,,,1243678871000L,2009-05-30 12:21:11,2010-11-07 11:10:52,2016-03-14 17:06:50
43747581,Rodney Jones,rod315,146,570,1233,0,0,http://sarasotaford.com/twitter,,,"Sarasota, FL USA",,,,http://s.twimg.com/a/1288374569/images/default_profile_3_normal.png,,,,,,,,,http://a1.twimg.com/profile_background_images/15843574/ford-shelby-cobra-concept-machine-shop-1600x1200.jpg,,,,,,,,,"Sales Manager at Sarasota Ford Super Center come and see us for your next Car, Truck or SUV also follow @SarasotaFord",,,1243801037000L,2009-05-31 22:17:17,2010-11-07 11:10:52,2016-03-14 17:06:50
44081953,Natalia,Natalia68xk,1,113,691,0,0,http://xurl.jp/tgr,,,,,,,http://a2.twimg.com/profile_images/247426622/zscenegirl-0692_normal.jpg,,,,,,,,,http://s.twimg.com/a/1287010001/images/themes/theme1/bg.png,,,,,,,,,,,,1243929210000L,2009-06-02 09:53:30,2010-11-07 11:10:52,2016-03-14 17:06:51
44084192,Abigail,Abigail36vk,1,82,465,0,1,http://xurl.jp/ygr,,,,,,,http://a3.twimg.com/profile_images/247486571/zscenegirl-0731_normal.jpg,,,,,,,,,http://s.twimg.com/a/1287010001/images/themes/theme1/bg.png,,,,,,,,,,,,1243930682000L,2009-06-02 10:18:02,2010-11-07 11:10:52,2016-03-14 17:06:51
44084811,Vanessa,Vanessa26zn,1,100,515,0,1,http://xurl.jp/zgr,,,,,,,http://a3.twimg.com/profile_images/247498291/zscenegirl-0740_normal.jpg,,,,,,,,,http://s.twimg.com/a/1288374569/images/themes/theme1/bg.png,,,,,,,,,,,,1243931088000L,2009-06-02 10:24:48,2010-11-07 11:10:52,2016-03-14 17:06:51
44191269,Maria Reese,MariaReese,16,784,1646,0,1,,,,,,,,http://a3.twimg.com/profile_images/247283787/the-new-woman-s-day-community_featured_article_628x371_normal.jpg,,,,,,,,,http://s.twimg.com/a/1288660386/images/themes/theme1/bg.png,,,,,,,,,,,,1243972116000L,2009-06-02 21:48:36,2010-11-07 11:10:52,2016-03-14 17:06:52
44698831,Body Trend,WeightLossT,309,1059,1310,0,0,http://over 20 free trial offers to test! http://bit.ly/3n8ysw,,,,,,,http://a2.twimg.com/profile_images/249966990/3110841673_fc9d052cec_normal.jpg,,,,,,,,,http://s.twimg.com/a/1288470193/images/themes/theme1/bg.png,,,,,,,,,Over 20 free trial offers to test! http://bit.ly/3n8ysw,,,1244144284000L,2009-06-04 21:38:04,2010-11-07 11:10:52,2016-03-14 17:06:52
45497562,Amy,Amy71ju,1,157,712,0,1,http://xurl.jp/trr,,,,,,,http://a3.twimg.com/profile_images/254201679/zscenegirl-1090_normal.jpg,,,,,,,,,http://s.twimg.com/a/1287010001/images/themes/theme1/bg.png,,,,,,,,,,,,1244434377000L,2009-06-08 06:12:57,2010-11-07 11:10:52,2016-03-14 17:06:52
45564759,Jos\xe9 Santos,ilovtweets,31,941,1975,0,1,,,,Coimbra,,,,http://a2.twimg.com/profile_images/319860950/twitter_love_normal.png,,,,,,,,,http://a1.twimg.com/profile_background_images/24981104/twilk_background.jpg,,,,,,,,,"Student, single, I love social networks, glad to tweet with you!",,,1244467925000L,2009-06-08 15:32:05,2010-11-07 11:10:52,2016-03-14 17:06:53
45804432,Daniela,Daniela831uc,1,126,711,0,0,http://xurl.jp/eur,,,,,,,http://a2.twimg.com/profile_images/255750778/zscenegirl-1184_normal.jpg,,,,,,,,,http://s.twimg.com/a/1288374569/images/themes/theme1/bg.png,,,,,,,,,,,,1244540911000L,2009-06-09 11:48:31,2010-11-07 11:10:52,2016-03-14 17:06:53
46043491,Jonathan,Creative_Money,145,976,1713,1,1,http://extracash2day.blogspot.com/,,,"Raleigh, NC",,,,http://a0.twimg.com/profile_images/547341640/01-money-from-sky_normal.jpg,,,,,,,,,http://s.twimg.com/a/1288847101/images/themes/theme1/bg.png,,,,,,,,,Helping people to create money from nothing and then turning that money into more money.,,,1244610710000L,2009-06-10 07:11:50,2010-11-07 11:10:52,2016-03-14 17:06:54
46316753,Kimberly,Kimberly226tn,1,106,650,0,0,http://xurl.jp/bxr,,,,,,,http://a3.twimg.com/profile_images/258329643/zscenegirl-1267_normal.jpg,,,,,,,,,http://s.twimg.com/a/1288374569/images/themes/theme1/bg.png,,,,,,,,,,,,1244695479000L,2009-06-11 06:44:39,2010-11-07 11:10:52,2016-03-14 17:06:54
46322170,Lily,Lily920iu,1,121,656,0,0,http://xurl.jp/hxr,,,,,,,http://a0.twimg.com/profile_images/258361220/zscenegirl-1318_normal.jpg,,,,,,,,,http://s.twimg.com/a/1288305442/images/themes/theme1/bg.png,,,,,,,,,,,,1244697725000L,2009-06-11 07:22:05,2010-11-07 11:10:52,2016-03-14 17:06:54
46408524,Make Money Secret,makemoneysecret,79,6340,6541,0,34,http://www.xfactoraffiliates.com,,,USA,,,,http://a0.twimg.com/profile_images/263249204/britney-spears_1__normal.jpg,,,,,,,,,http://s.twimg.com/a/1288137272/images/themes/theme1/bg.png,,,,,,,,,Internet Marketing Pro. Social Media Evangelist. Travel Lover. Money Making Lover. Best Buddy for All.,,,1244733489000L,2009-06-11 17:18:09,2010-11-07 11:10:52,2016-03-14 17:06:54
46810284,Gilliarde Silva,giihGunner,1455,10500,11478,2,22,http://www.orkut.com.br/main#profile,,,Tavares-RS,,,,http://a1.twimg.com/profile_images/910789921/ogaaamdbadfyo9fo5xjqxijarxizh2v1zl9vy8vrexkbprrk6s2lp9jwrmaq9hwznlyu7x-1x-ank-tmgajuqpld-aeam1t1un8upx25gs0hto_qvob0jcbwohlq_normal.jpg,,,,,,,,,http://a3.twimg.com/profile_background_images/136528567/dsc00081i.jpg,,,,,,,,,Chinese Democracy World Tour 16/03/2010 POA EU FUI :DD \\o/,,,1244861639000L,2009-06-13 04:53:59,2010-11-07 11:10:52,2016-03-14 17:06:55
46874389,Piratas do Humor,Piratas_Humor,768,560,1427,0,9,http://www.piratasdohumor.6te.net,,,,,,,http://a0.twimg.com/profile_images/889485408/banner75_normal.jpg,,,,,,,,,http://a1.twimg.com/profile_background_images/18061770/imagem.jpg,,,,,,,,,,,,1244894549000L,2009-06-13 14:02:29,2010-11-07 11:10:52,2016-03-14 17:06:55
47015574,Hannah,Hannah383mm,1,97,674,0,0,http://xurl.jp/p3r,,,,,,,http://a0.twimg.com/profile_images/262139592/zscenegirl-1616_normal.jpg,,,,,,,,,http://s.twimg.com/a/1288374569/images/themes/theme1/bg.png,,,,,,,,,,,,1244946985000L,2009-06-14 04:36:25,2010-11-07 11:10:52,2016-03-14 17:06:55
47023408,Destiny,Destiny938kj,1,114,609,0,1,http://xurl.jp/x3r,,,,,,,http://a1.twimg.com/profile_images/262186273/zscenegirl-1674_normal.jpg,,,,,,,,,http://s.twimg.com/a/1287010001/images/themes/theme1/bg.png,,,,,,,,,,,,1244949896000L,2009-06-14 05:24:56,2010-11-07 11:10:52,2016-03-14 17:06:55
47678112,\u25ba Newbie Earn Online,howtoearnonline,14,4213,4710,0,32,http://bit.ly/c11bp,,,"India, Mumbai",,,,http://a2.twimg.com/profile_images/265693830/kat_normal.jpg,,,,,,,,,http://s.twimg.com/a/1288470193/images/themes/theme1/bg.png,,,,,,,,,"Learn how to earn online for beginners / newbie Earn today. Now, beginners earn money Online today, Learn how to make money for beginners. Its newbie money.",,,1245172143000L,2009-06-16 19:09:03,2010-11-07 11:10:52,2016-03-14 17:06:56
47731919,Edwin Dion,TurboMachine,3,1344,1577,0,2,http://www.turbocashgenerator.com/?hop=alivemaxx,,,USA,,,,http://a1.twimg.com/profile_images/265956081/attractionmarketingformula_normal.jpg,,,,,,,,,http://a3.twimg.com/profile_background_images/18401487/topt.jpg,,,,,,,,,Using The Power Of Twitter And This Plug-And-Play Software You Have An Automated Money Machine That Can't Stop Sending You Cash...Even If You Want It To! ,,,1245183188000L,2009-06-16 22:13:08,2010-11-07 11:10:52,2016-03-14 17:06:56
47799788,Lukas AYE!,ElLukDG,2103,1315,1849,20,11,http://konmico.blogspot.com/,,,Betim Minas Gerais,,,1.0,http://a1.twimg.com/profile_images/748162553/luk_and_kon_c_pia____normal.jpg,,,,,,,,,http://a3.twimg.com/profile_background_images/77358425/psychedelic_wool_by_psion005.jpg,,,,,,,,,"Seu Madruga, a sua m\xe3e tem BIO?",,,1245200719000L,2009-06-17 03:05:19,2010-11-07 11:10:52,2016-03-14 17:06:56
47891113,Vanessa,Vanessa698py,1,65,591,0,0,http://xurl.jp/ebs,,,,,,,http://s.twimg.com/a/1288305442/images/default_profile_4_normal.png,,,,,,,,,http://s.twimg.com/a/1288305442/images/themes/theme1/bg.png,,,,,,,,,,,,1245224540000L,2009-06-17 09:42:20,2010-11-07 11:10:52,2016-03-14 17:06:57
47929648,Steven Howard,PRS_Safety,1703,589,1963,0,6,http://www.healthandsafetypolicy.info,,,Nottingham,,,,http://a3.twimg.com/profile_images/266889335/prs_normal.png,,,,,,,,,http://s.twimg.com/a/1288305442/images/themes/theme1/bg.png,,,,,,,,,,,,1245237866000L,2009-06-17 13:24:26,2010-11-07 11:10:52,2016-03-14 17:06:57
48007897,sussie! ,CoconutTwist,277,473,1336,1,5,,,,colombia,,,,http://a3.twimg.com/profile_images/583959303/dudu_normal.jpg,,,,,,,,,http://a3.twimg.com/profile_background_images/61749221/adjetivos_ingles.jpg,,,,,,,,,i like cherries,,,1245254563000L,2009-06-17 18:02:43,2010-11-07 11:10:52,2016-03-14 17:06:57
48385665,Jessica Duncan Yuri,JessicaDuncan83,5,415,527,0,0,,,,Tehran,,,,http://a3.twimg.com/profile_images/269262763/yuri_normal.jpg,,,,,,,,,http://a1.twimg.com/profile_background_images/18696480/1256.jpg,,,,,,,,,Yuri Anime,,,1245339356000L,2009-06-18 17:35:56,2010-11-07 11:10:52,2016-03-14 17:06:58
48712444,Ruama Nascimento,ammynascimento,4090,4872,5783,0,97,http://meadd.com/ammynascimento,,,Natal - RN,,,,http://a2.twimg.com/profile_images/1115183750/img00011_normal.jpg,,,,,,,,,http://a3.twimg.com/profile_background_images/142977819/page.jpg,,,,,,,,,"Estudo, Trabalho, me divirto muuuuito, [aaa] ooi, muuito prazer, ta vendo aquele link ali em cima, olha l\xe1 e me add que voc\xea me conhece (: (y)",,,1245420052000L,2009-06-19 16:00:52,2010-11-07 11:10:52,2016-03-14 17:06:58
48957307,Jan D.,jandijkgra97271,3,67,1392,0,0,,,,,,,,http://a2.twimg.com/profile_images/273015842/6_normal.jpeg,,,,,,,,,http://s.twimg.com/a/1287774835/images/themes/theme1/bg.png,,,,,,,,,,,,1245484696000L,2009-06-20 09:58:16,2010-11-07 11:10:52,2016-03-14 17:06:58
48959912,Clarence Smith13,Informer1,245,914,1949,2,4,,,,Wisconsin USA,,,1.0,http://a0.twimg.com/profile_images/308026784/picture_4_daddy_normal.jpg,,,,,,,,,http://a1.twimg.com/profile_background_images/112664118/twitter-background-rosenbaum-stonehenge-n.jpg,,,,,,,,,"I am one that is in pursuit of the truth, knowledge and love , With a motivational desire to help others ;with the determination to know the truth ",,,1245485825000L,2009-06-20 10:17:05,2010-11-07 11:10:52,2016-03-14 17:06:59
48968616,Steffi Grau,Steffi88860,3,87,1715,0,0,,,,,,,,http://a1.twimg.com/profile_images/273184581/49_normal.jpeg,,,,,,,,,http://s.twimg.com/a/1287774835/images/themes/theme1/bg.png,,,,,,,,,,,,1245489889000L,2009-06-20 11:24:49,2010-11-07 11:10:52,2016-03-14 17:06:59
48972661,Roccy B.,RoccyB_Cas9785,3,42,738,0,1,,,,,,,,http://a2.twimg.com/profile_images/273032050/16_normal.jpeg,,,,,,,,,http://s.twimg.com/a/1287010001/images/themes/theme1/bg.png,,,,,,,,,,,,1245491907000L,2009-06-20 11:58:27,2010-11-07 11:10:52,2016-03-14 17:06:59
48981925,nikki nowinski,nikkinowin51787,3,102,1765,0,2,,,,,,,,http://a3.twimg.com/profile_images/273085607/40_normal.jpeg,,,,,,,,,http://s.twimg.com/a/1288137272/images/themes/theme1/bg.png,,,,,,,,,,,,1245496269000L,2009-06-20 13:11:09,2010-11-07 11:10:52,2016-03-14 17:06:59
49004454,Michael Dunford,PrincessLd3330,3,100,1420,0,0,,,,,,,,http://a3.twimg.com/profile_images/273076063/9_normal.jpeg,,,,,,,,,http://s.twimg.com/a/1287010001/images/themes/theme1/bg.png,,,,,,,,,,,,1245504092000L,2009-06-20 15:21:32,2010-11-07 11:10:52,2016-03-14 17:07:00
49136026,Zenith Aten,ZenithLove22227,2,84,1524,0,0,,,,,,,,http://s.twimg.com/a/1288720170/images/default_profile_2_normal.png,,,,,,,,,http://s.twimg.com/a/1288720170/images/themes/theme1/bg.png,,,,,,,,,,,,1245535694000L,2009-06-21 00:08:14,2010-11-07 11:10:52,2016-03-14 17:07:00
49187158,BandaManthus,bandaman55187,3,108,1731,0,0,,,,,,,,http://a0.twimg.com/profile_images/278528416/2_normal.jpeg,,,,,,,,,http://s.twimg.com/a/1287010001/images/themes/theme1/bg.png,,,,,,,,,,,,1245548057000L,2009-06-21 03:34:17,2010-11-07 11:10:52,2016-03-14 17:07:00
49195364,elizabeth,xelizabeth99652,3,87,1501,0,1,,,,,,,,http://s.twimg.com/a/1288632582/images/default_profile_1_normal.png,,,,,,,,,http://s.twimg.com/a/1288649854/images/themes/theme1/bg.png,,,,,,,,,,,,1245549991000L,2009-06-21 04:06:31,2010-11-07 11:10:52,2016-03-14 17:07:00
49196059,Ryan Brown,ryandaniel57393,2,106,1510,0,0,,,,,,,,http://a3.twimg.com/profile_images/274324163/9_normal.jpeg,,,,,,,,,http://s.twimg.com/a/1288305442/images/themes/theme1/bg.png,,,,,,,,,,,,1245550165000L,2009-06-21 04:09:25,2010-11-07 11:10:52,2016-03-14 17:07:01
49198668,BradinBuffalo,BradinBuff62004,3,78,1669,0,1,,,,,,,,http://a2.twimg.com/profile_images/274642334/1_normal.jpeg,,,,,,,,,http://s.twimg.com/a/1288660386/images/themes/theme1/bg.png,,,,,,,,,,,,1245550773000L,2009-06-21 04:19:33,2010-11-07 11:10:52,2016-03-14 17:07:01
49210351,Shadrabbani,shadprod70006,3,126,1755,0,0,,,,,,,,http://a0.twimg.com/profile_images/278591052/46_normal.jpeg,,,,,,,,,http://s.twimg.com/a/1288374569/images/themes/theme1/bg.png,,,,,,,,,,,,1245553147000L,2009-06-21 04:59:07,2010-11-07 11:10:52,2016-03-14 17:07:01
49215390,Daddy K,Kindredthe91235,2,61,1106,0,0,,,,,,,,http://a1.twimg.com/profile_images/274342105/36_normal.jpeg,,,,,,,,,http://s.twimg.com/a/1287010001/images/themes/theme1/bg.png,,,,,,,,,,,,1245554370000L,2009-06-21 05:19:30,2010-11-07 11:10:52,2016-03-14 17:07:02
49233584,Jan D.,jandijkgra2704,3,128,1750,0,0,,,,,,,,http://a3.twimg.com/profile_images/278441003/13_normal.jpeg,,,,,,,,,http://s.twimg.com/a/1287010001/images/themes/theme1/bg.png,,,,,,,,,,,,1245559231000L,2009-06-21 06:40:31,2010-11-07 11:10:52,2016-03-14 17:07:02
49255053,NJZ,innuendogi21565,3,107,1749,0,0,,,,,,,,http://a3.twimg.com/profile_images/278241363/19_normal.jpeg,,,,,,,,,http://s.twimg.com/a/1287010001/images/themes/theme1/bg.png,,,,,,,,,,,,1245566730000L,2009-06-21 08:45:30,2010-11-07 11:10:52,2016-03-14 17:07:02
49270232,Jaclyn Ariandra,jclynarian68431,3,81,1714,0,0,,,,,,,,http://a2.twimg.com/profile_images/278619926/13_normal.jpeg,,,,,,,,,http://s.twimg.com/a/1287437169/images/themes/theme1/bg.png,,,,,,,,,,,,1245572815000L,2009-06-21 10:26:55,2010-11-07 11:10:52,2016-03-14 17:07:02
49272453,Bruce Carter,brucecarte36793,3,105,1687,0,0,,,,,,,,http://a3.twimg.com/profile_images/278207491/49_normal.jpeg,,,,,,,,,http://s.twimg.com/a/1287523226/images/themes/theme1/bg.png,,,,,,,,,,,,1245573853000L,2009-06-21 10:44:13,2010-11-07 11:10:52,2016-03-14 17:07:03
49479068,Becca,Jessiahbel22358,2,85,1465,0,1,,,,,,,,http://a2.twimg.com/profile_images/276047366/42_normal.jpeg,,,,,,,,,http://s.twimg.com/a/1287010001/images/themes/theme1/bg.png,,,,,,,,,,,,1245630445000L,2009-06-22 02:27:25,2010-11-07 11:10:52,2016-03-14 17:07:03
49479291,kellyniemann,kellyniema29106,2,93,1457,0,0,,,,,,,,http://a0.twimg.com/profile_images/276048136/10_normal.jpeg,,,,,,,,,http://s.twimg.com/a/1288374569/images/themes/theme1/bg.png,,,,,,,,,,,,1245630509000L,2009-06-22 02:28:29,2010-11-07 11:10:52,2016-03-14 17:07:03
49483339,Alexandra Lesniak,AlliLesnia10633,2,72,1499,0,0,,,,,,,,http://a3.twimg.com/profile_images/276056471/38_normal.jpeg,,,,,,,,,http://s.twimg.com/a/1287774835/images/themes/theme1/bg.png,,,,,,,,,,,,1245631583000L,2009-06-22 02:46:23,2010-11-07 11:10:52,2016-03-14 17:07:03
49499359,bob chang,horriblebo10841,2,72,1507,0,0,,,,,,,,http://a3.twimg.com/profile_images/276088407/34_normal.jpeg,,,,,,,,,http://s.twimg.com/a/1288137272/images/themes/theme1/bg.png,,,,,,,,,,,,1245635653000L,2009-06-22 03:54:13,2010-11-07 11:10:52,2016-03-14 17:07:04
49540321,suntorn,suntornsu,352,494,1357,0,3,http://www.crk10075.org,,,\u0e01\u0e32\u0e0d\u0e08\u0e19\u0e1a\u0e38\u0e23\u0e35,,,,http://a0.twimg.com/profile_images/422003380/suntorn_normal.jpg,,,,,,,,,http://s.twimg.com/a/1288305442/images/themes/theme13/bg.gif,,,,,,,,,\u0e04\u0e38\u0e49\u0e21\u0e04\u0e23\u0e2d\u0e07\u0e2a\u0e34\u0e17\u0e18\u0e34\u0e1c\u0e39\u0e49\u0e1a\u0e23\u0e34\u0e42\u0e20\u0e04\u0e41\u0e25\u0e30\u0e2a\u0e37\u0e48\u0e2d\u0e20\u0e32\u0e04\u0e1b\u0e23\u0e30\u0e0a\u0e32\u0e0a\u0e19\u0e01\u0e32\u0e0d\u0e08\u0e19\u0e1a\u0e38\u0e23\u0e35,,,1245646204000L,2009-06-22 06:50:04,2010-11-07 11:10:52,2016-03-14 17:07:04
49549327,meagan winters,missmeagan87307,3,100,1820,0,1,,,,,,,,http://a3.twimg.com/profile_images/276948679/40_normal.jpeg,,,,,,,,,http://s.twimg.com/a/1288217225/images/themes/theme1/bg.png,,,,,,,,,,,,1245649326000L,2009-06-22 07:42:06,2010-11-07 11:10:52,2016-03-14 17:07:04
49549560,Apox,Despondenc20109,3,64,1768,0,1,,,,,,,,http://s.twimg.com/a/1287010001/images/default_profile_4_normal.png,,,,,,,,,http://s.twimg.com/a/1287010001/images/themes/theme1/bg.png,,,,,,,,,,,,1245649404000L,2009-06-22 07:43:24,2010-11-07 11:10:52,2016-03-14 17:07:05
49588893,Brandon Fuamatu,brandon_fu56841,2,91,1743,0,1,,,,,,,,http://a3.twimg.com/profile_images/277101323/3_normal.jpeg,,,,,,,,,http://s.twimg.com/a/1287010001/images/themes/theme1/bg.png,,,,,,,,,,,,1245665300000L,2009-06-22 12:08:20,2010-11-07 11:10:52,2016-03-14 17:07:05
49659791,Cherise Johnson,Terp4Life044505,2,58,1125,0,0,,,,,,,,http://a1.twimg.com/profile_images/278178129/35_normal.jpeg,,,,,,,,,http://s.twimg.com/a/1288305442/images/themes/theme1/bg.png,,,,,,,,,,,,1245684222000L,2009-06-22 17:23:42,2010-11-07 11:10:52,2016-03-14 17:07:05
49669394,yandeh j.,deezy_prim6238,2,22,393,0,0,,,,,,,,http://a3.twimg.com/profile_images/278183791/44_normal.jpeg,,,,,,,,,http://s.twimg.com/a/1288470193/images/themes/theme1/bg.png,,,,,,,,,,,,1245686102000L,2009-06-22 17:55:02,2010-11-07 11:10:52,2016-03-14 17:07:06
49692722,Ashley Schuetz,Singer930936467,2,64,1113,0,0,,,,,,,,http://a3.twimg.com/profile_images/278186587/32_normal.jpeg,,,,,,,,,http://s.twimg.com/a/1288374569/images/themes/theme1/bg.png,,,,,,,,,,,,1245690711000L,2009-06-22 19:11:51,2010-11-07 11:10:52,2016-03-14 17:07:06
49701106,Michelle Silcox,chellsterx76253,2,47,1047,0,0,,,,,,,,http://a3.twimg.com/profile_images/278258027/8_normal.jpeg,,,,,,,,,http://s.twimg.com/a/1288374569/images/themes/theme1/bg.png,,,,,,,,,,,,1245692379000L,2009-06-22 19:39:39,2010-11-07 11:10:52,2016-03-14 17:07:06
49772550,Dawn Sells San Diego,DawnSellsS74828,2,61,1101,0,0,,,,,,,,http://a2.twimg.com/profile_images/278241602/16_normal.jpeg,,,,,,,,,http://s.twimg.com/a/1288632582/images/themes/theme1/bg.png,,,,,,,,,,,,1245706140000L,2009-06-22 23:29:00,2010-11-07 11:10:52,2016-03-14 17:07:07
49949709,Kimberly Reep,moccabutte8713,2,75,715,0,0,,,,,,,,http://a1.twimg.com/profile_images/280075177/9_normal.jpeg,,,,,,,,,http://s.twimg.com/a/1287010001/images/themes/theme1/bg.png,,,,,,,,,,,,1245756245000L,2009-06-23 13:24:05,2010-11-07 11:10:52,2016-03-14 17:07:07
50346336,Caroline Lopes,Caah_Lopes,501,1248,1187,0,4,,,,Perubas Citty,,,,http://a1.twimg.com/profile_images/567934349/ogaaandrfx7wbqgr2p_q-l9msuseauijyb-ctxjsh3jpshn4dhetf4rsmsgpqootlp09hpqky-cdt-wiw8a99yn6vkeam1t1ubnh6q93r04a042ehfxhy8vs14wf_normal.jpg,,,,,,,,,http://s.twimg.com/a/1287523226/images/themes/theme3/bg.gif,,,,,,,,,,,,1245859547000L,2009-06-24 18:05:47,2010-11-07 11:10:52,2016-03-14 17:07:07
50815325,Stephanie Traska,stephaniet90780,4,134,1731,0,1,,,,,,,,http://a3.twimg.com/profile_images/286141543/7_normal.jpeg,,,,,,,,,http://s.twimg.com/a/1287774835/images/themes/theme1/bg.png,,,,,,,,,,,,1245972784000L,2009-06-26 01:33:04,2010-11-07 11:10:52,2016-03-14 17:07:08
50845426,Juli\u03b1n\u03b1 Cristiin\u03b1 .,juhcris,185,121,325,1,2,http://www.orkut.com.br/main#profile?uid=933985191317586206,,,Brasiil ,,,,http://a3.twimg.com/profile_images/465949931/imag006_normal.jpg,,,,,,,,,http://a1.twimg.com/profile_background_images/44616310/star_background_10.gif,,,,,,,,,' e esque\xe7o q\xea \u03b1m\u03b1r \xe9 qu\u03b1se um\u03b1 door ~ (8),,,1245976977000L,2009-06-26 02:42:57,2010-11-07 11:10:52,2016-03-14 17:07:08
50958616,keira holden,keiraholde85180,3,87,1021,0,0,,,,,,,,http://a2.twimg.com/profile_images/285841594/8_normal.jpeg,,,,,,,,,http://s.twimg.com/a/1287523226/images/themes/theme1/bg.png,,,,,,,,,,,,1246000083000L,2009-06-26 09:08:03,2010-11-07 11:10:52,2016-03-14 17:07:08
50970101,Victoria Wade,OrangeCoun51045,3,82,1023,0,1,,,,,,,,http://a3.twimg.com/profile_images/285856067/2_normal.jpeg,,,,,,,,,http://s.twimg.com/a/1287523226/images/themes/theme1/bg.png,,,,,,,,,,,,1246003223000L,2009-06-26 10:00:23,2010-11-07 11:10:52,2016-03-14 17:07:08
51286435,LAM,landarchma5546,4,94,1019,0,0,,,,,,,,http://a2.twimg.com/profile_images/286019490/31_normal.jpeg,,,,,,,,,http://s.twimg.com/a/1287010001/images/themes/theme1/bg.png,,,,,,,,,,,,1246061941000L,2009-06-27 02:19:01,2010-11-07 11:10:52,2016-03-14 17:07:09
51311653,Joseph Cameron,j6m9camero4487,3,105,1143,0,3,,,,,,,,http://a3.twimg.com/profile_images/286083655/44_normal.jpeg,,,,,,,,,http://s.twimg.com/a/1288374569/images/themes/theme1/bg.png,,,,,,,,,,,,1246068214000L,2009-06-27 04:03:34,2010-11-07 11:10:52,2016-03-14 17:07:09
51374842,Delson,BodegaSkee87670,3,112,1077,0,0,,,,,,,,http://a3.twimg.com/profile_images/286534491/10_normal.jpeg,,,,,,,,,http://s.twimg.com/a/1287010001/images/themes/theme1/bg.png,,,,,,,,,,,,1246086734000L,2009-06-27 09:12:14,2010-11-07 11:10:52,2016-03-14 17:07:09
51435410, Igor Belli,igor_belli,1686,2028,2471,3,17,http://www.orkut.com.br/main#profile?uid=1166888084800887463&rl=t,,,"Ataleia, MG  - Brasil",,,,http://a1.twimg.com/profile_images/573073745/uyfh_normal.jpg,,,,,,,,,http://s.twimg.com/a/1288981003/images/themes/theme14/bg.gif,,,,,,,,,"Sigo todos que me seguem,sejam bem vindos.",,,1246108826000L,2009-06-27 15:20:26,2010-11-07 11:10:52,2016-03-14 17:07:09
51571349,Simply Hawaiian,Simplyhwn,6713,1819,1887,2,41,http://simplyhwn.com,,,"Island of Gardena, CA",,,1.0,http://a1.twimg.com/profile_images/286068033/2400015866_427654b47f_normal.jpg,,,,,,,,,http://a1.twimg.com/profile_background_images/70365646/lauhala-mat.gif,,,,,,,,,"Our website is being redone right now :( click on simplyhwn.com and sign up on our email list to get a festival schedule. Mahalo! Tshirts, hats, stickers & more",,,1246140520000L,2009-06-28 00:08:40,2010-11-07 11:10:52,2016-03-14 17:07:10
51776203,Carlos Tavares,carloztavares,4,132,161,0,1,http://www.myspace.com/lafonicacwb,,,Curitiba,,,,http://a2.twimg.com/profile_images/594952214/25122009_004__normal.jpg,,,,,,,,,http://a1.twimg.com/profile_background_images/62232874/fita2.jpg,,,,,,,,,Compositor e baterista do Laf\xf4nica.Baterista do Metallica Inc. Piloto de Kart.\nViciado em m\xfasica e automobilismo.,,,1246207964000L,2009-06-28 18:52:44,2010-11-07 11:10:52,2016-03-14 17:07:10
51864103,EderFS,_eders,38,518,1823,0,0,,,,,,,,http://a2.twimg.com/profile_images/597516930/sdc10495_normal.jpg,,,,,,,,,http://s.twimg.com/a/1288742912/images/themes/theme1/bg.png,,,,,,,,,,,,1246227711000L,2009-06-29 00:21:51,2010-11-07 11:10:52,2016-03-14 17:07:10
51872114,c johnson,SpareTimeWealth,2644,3539,3644,0,4,http://bit.ly/4qcluu,,,Phoenix,,,,http://s.twimg.com/a/1288374569/images/default_profile_0_normal.png,,,,,,,,,http://s.twimg.com/a/1288374569/images/themes/theme1/bg.png,,,,,,,,,Don't Be The Problem - Be The Solution,,,1246229484000L,2009-06-29 00:51:24,2010-11-07 11:10:52,2016-03-14 17:07:10
51878677,Victoria Wade,OrangeCoun27156,2,66,703,0,0,,,,,,,,http://a3.twimg.com/profile_images/290298711/36_normal.jpeg,,,,,,,,,http://s.twimg.com/a/1288374569/images/themes/theme1/bg.png,,,,,,,,,,,,1246231081000L,2009-06-29 01:18:01,2010-11-07 11:10:52,2016-03-14 17:07:11
51892953,Brittany Garrott,fabulousmi19245,3,70,679,0,1,,,,,,,,http://a3.twimg.com/profile_images/290360755/17_normal.jpeg,,,,,,,,,http://s.twimg.com/a/1288217225/images/themes/theme1/bg.png,,,,,,,,,,,,1246234563000L,2009-06-29 02:16:03,2010-11-07 11:10:52,2016-03-14 17:07:11
51905951,Christie Moeller,ChristieMo66420,2,67,711,0,0,,,,,,,,http://a0.twimg.com/profile_images/290399472/ell_bigger_normal.jpg,,,,,,,,,http://s.twimg.com/a/1288907344/images/themes/theme1/bg.png,,,,,,,,,,,,1246237911000L,2009-06-29 03:11:51,2010-11-07 11:10:52,2016-03-14 17:07:11
51912733,Anthony Swanson,ThatAnthon20289,2,104,1387,0,0,,,,,,,,http://a1.twimg.com/profile_images/290428013/12_normal.jpeg,,,,,,,,,http://s.twimg.com/a/1287010001/images/themes/theme1/bg.png,,,,,,,,,,,,1246239466000L,2009-06-29 03:37:46,2010-11-07 11:10:52,2016-03-14 17:07:11
51970839,Penny Moffitt,PennyMoffi31236,3,63,669,0,0,,,,,,,,http://a2.twimg.com/profile_images/290351910/22_normal.jpeg,,,,,,,,,http://s.twimg.com/a/1287010001/images/themes/theme1/bg.png,,,,,,,,,,,,1246253333000L,2009-06-29 07:28:53,2010-11-07 11:10:52,2016-03-14 17:07:12
52025456,Lis Rock Photo,LisRockPho20118,2,120,1485,0,1,,,,,,,,http://a1.twimg.com/profile_images/290367689/9_normal.jpeg,,,,,,,,,http://s.twimg.com/a/1287774835/images/themes/theme1/bg.png,,,,,,,,,,,,1246273690000L,2009-06-29 13:08:10,2010-11-07 11:10:52,2016-03-14 17:07:12
52039977,Stephanie Traska,stephaniet24278,2,65,675,0,0,,,,,,,,http://a2.twimg.com/profile_images/290438078/26_normal.jpeg,,,,,,,,,http://s.twimg.com/a/1288660386/images/themes/theme1/bg.png,,,,,,,,,,,,1246278185000L,2009-06-29 14:23:05,2010-11-07 11:10:52,2016-03-14 17:07:12
52040849,Allie Sampson,blonde_eag86651,2,59,686,0,0,,,,,,,,http://a1.twimg.com/profile_images/290442177/18_normal.jpeg,,,,,,,,,http://s.twimg.com/a/1288660386/images/themes/theme1/bg.png,,,,,,,,,,,,1246278436000L,2009-06-29 14:27:16,2010-11-07 11:10:52,2016-03-14 17:07:12
52041239,Penny Moffitt,PennyMoffi93936,2,59,656,0,1,,,,,,,,http://a0.twimg.com/profile_images/290443836/30_normal.jpeg,,,,,,,,,http://s.twimg.com/a/1288137272/images/themes/theme1/bg.png,,,,,,,,,,,,1246278539000L,2009-06-29 14:28:59,2010-11-07 11:10:52,2016-03-14 17:07:13
52043740,Francis De Castro,uno_siete082735,2,68,681,0,0,,,,,,,,http://a3.twimg.com/profile_images/290454487/35_normal.jpeg,,,,,,,,,http://s.twimg.com/a/1287010001/images/themes/theme1/bg.png,,,,,,,,,,,,1246279236000L,2009-06-29 14:40:36,2010-11-07 11:10:52,2016-03-14 17:07:13
52259836,wellington santos,WELL_SS,71,239,647,0,2,,,,Brasil,,,,http://a3.twimg.com/profile_images/645123091/hip_hop_graffiti_normal.jpg,,,,,,,,,http://a1.twimg.com/profile_background_images/68186722/w50_15.jpg,,,,,,,,,"A good friend, inteligent but not boring, extrovert but not infantile.",,,1246325525000L,2009-06-30 03:32:05,2010-11-07 11:10:52,2016-03-14 17:07:13
52558319,Etienne Santana,etiennegs,27,55,160,1,1,,,,Recife-PE,,,,http://a0.twimg.com/profile_images/534190132/ogaaahnzyaikrx2-dsrs8hzyx5-fco64y8xoz0ayrvva1macv4cz1qjsb_looquxvtvzzdyq4722mfgd68kklsoqoaiam1t1ujij7anem9-yae6n2qenavd1uhji_normal.jpg,,,,,,,,,http://a1.twimg.com/profile_background_images/91198306/ogaaaldx24kofjaipygrehchbswndwbopwktxhhfanq1vrfgnul-ahfq2jbr31_h1jy6xrcerktj0yqeto6vgcdrl4oam1t1uoegx_hduxcy74snswibe5u69jja.jpg,,,,,,,,,,,,1246404312000L,2009-07-01 01:25:12,2010-11-07 11:10:52,2016-03-14 17:07:13
52620061,Alexis,Alexis25m4h,1,38,316,0,0,http://xurl.jp/k5s,,,,,,,http://a2.twimg.com/profile_images/291584522/zzzscenegirl-0879_normal.jpg,,,,,,,,,http://s.twimg.com/a/1288742912/images/themes/theme1/bg.png,,,,,,,,,,,,1246419014000L,2009-07-01 05:30:14,2010-11-07 11:10:52,2016-03-14 17:07:14
52857699,Dominique,xxDominiqubhc,2,119,1475,0,0,,,,,,,,http://a3.twimg.com/profile_images/294125795/41_normal.jpeg,,,,,,,,,http://s.twimg.com/a/1288907344/images/themes/theme1/bg.png,,,,,,,,,,,,1246483832000L,2009-07-01 23:30:32,2010-11-07 11:10:52,2016-03-14 17:07:14
52948027,Fay Thompson,FayThompsofhc,2,73,1435,0,0,,,,,,,,http://a0.twimg.com/profile_images/294347776/45_normal.jpeg,,,,,,,,,http://s.twimg.com/a/1287010001/images/themes/theme1/bg.png,,,,,,,,,,,,1246503601000L,2009-07-02 05:00:01,2010-11-07 11:10:52,2016-03-14 17:07:14
52975492,M\xe1rcio Vennan,marciovennan,200,889,1870,0,0,http://www.voce.ganhardinheiroagora.com,,,Brasil,,,,http://a1.twimg.com/profile_images/558457585/twitterprofilephoto_normal.jpg,,,,,,,,,http://s.twimg.com/a/1288305442/images/themes/theme4/bg.gif,,,,,,,,,"Me seguir \xe9 uma oportunidade de R$ para voc\xea, te seguir \xe9 a minha! http://www.voce.ganhardinheiroagora.com ",,,1246510830000L,2009-07-02 07:00:30,2010-11-07 11:10:52,2016-03-14 17:07:15
52996113,Mike Rose,ViralListBuilda,3401,5488,5321,21,25,http://twitpwr.com/twitterlistbuilder/,,,"List Building, CyberSpace",,,,http://a2.twimg.com/profile_images/369947614/bloggers_normal.jpg,,,,,,,,,http://a3.twimg.com/profile_background_images/31619915/code.jpg,,,,,,,,,"How to grab laser-targeted Tweeters, on auto-pilot 24/7? TwitterListBuilder is Viral-Fast, White-Hat: & FREE",,,1246517665000L,2009-07-02 08:54:25,2010-11-07 11:10:52,2016-03-14 17:07:15
53029957,Maya,Maya98v4v,1,51,341,0,0,http://xurl.jp/97s,,,,,,,http://a1.twimg.com/profile_images/293651993/zzzscenegirl-1291_normal.jpg,,,,,,,,,http://s.twimg.com/a/1288981003/images/themes/theme1/bg.png,,,,,,,,,,,,1246531492000L,2009-07-02 12:44:52,2010-11-07 11:10:52,2016-03-14 17:07:15
53057021,FAB\xcdOLA NASCIMENTO,fabdocinho,75,165,739,11,1,http://twitter.com/fabdocinho,,,Manaus,,,1.0,http://a3.twimg.com/profile_images/326818943/ogaaaki-slztnd8g2zwydmfyh34aox-qsevoaptpihswjoc-gbkym8obrhwq3o7wpftdmifjp2r_m1hojyvfgaigghuam1t1uc8fg1mz_yuh_9agkuqeg4m6tj-d_1__normal.jpg,,,,,,,,,http://s.twimg.com/a/1288305442/images/themes/theme17/bg.gif,,,,,,,,,,,,1246540098000L,2009-07-02 15:08:18,2010-11-07 11:10:52,2016-03-14 17:07:15
53261043,Kayla,Kayla84a4s,1,56,309,0,0,http://xurl.jp/i9s,,,,,,,http://a1.twimg.com/profile_images/294916741/zzzscenegirl-1475_normal.jpg,,,,,,,,,http://s.twimg.com/a/1288217225/images/themes/theme1/bg.png,,,,,,,,,,,,1246586499000L,2009-07-03 04:01:39,2010-11-07 11:10:52,2016-03-14 17:07:16
53652229,Mariah,Mariah85s0b,1,45,320,0,0,http://xurl.jp/idt,,,,,,,http://a0.twimg.com/profile_images/296972704/zzzscenegirl-1939_normal.jpg,,,,,,,,,http://s.twimg.com/a/1288374569/images/themes/theme1/bg.png,,,,,,,,,,,,1246707651000L,2009-07-04 13:40:51,2010-11-07 11:10:52,2016-03-14 17:07:16
53714790,Natalia,nataliabry66506,1,50,291,0,0,,,,,,,,http://a1.twimg.com/profile_images/298692549/5_normal.jpeg,,,,,,,,,http://s.twimg.com/a/1287010001/images/themes/theme1/bg.png,,,,,,,,,,,,1246727913000L,2009-07-04 19:18:33,2010-11-07 11:10:52,2016-03-14 17:07:16
53780486,Mom3CuteBoys,Mom3CuteBo38991,1,39,285,0,0,,,,,,,,http://a1.twimg.com/profile_images/298701313/30_normal.jpeg,,,,,,,,,http://s.twimg.com/a/1288305442/images/themes/theme1/bg.png,,,,,,,,,,,,1246747718000L,2009-07-05 00:48:38,2010-11-07 11:10:52,2016-03-14 17:07:17
53780726,Sara Sampadian,sarasexmeu65676,1,45,283,0,0,,,,,,,,http://a0.twimg.com/profile_images/298702648/28_normal.jpeg,,,,,,,,,http://s.twimg.com/a/1288374569/images/themes/theme1/bg.png,,,,,,,,,,,,1246747802000L,2009-07-05 00:50:02,2010-11-07 11:10:52,2016-03-14 17:07:17
53781542,Mom3CuteBoys,Mom3CuteBo27943,1,26,292,0,0,,,,,,,,http://a2.twimg.com/profile_images/298704046/7_normal.jpeg,,,,,,,,,http://s.twimg.com/a/1288039940/images/themes/theme1/bg.png,,,,,,,,,,,,1246748064000L,2009-07-05 00:54:24,2010-11-07 11:10:52,2016-03-14 17:07:17
53783352,IMA REAL INDIVIDUAL,SuaveOnDem50734,1,37,313,0,0,,,,,,,,http://a2.twimg.com/profile_images/298625138/37_normal.jpeg,,,,,,,,,http://s.twimg.com/a/1288981003/images/themes/theme1/bg.png,,,,,,,,,,,,1246748653000L,2009-07-05 01:04:13,2010-11-07 11:10:52,2016-03-14 17:07:18
53784356,Mom3CuteBoys,Mom3CuteBo71550,1,39,300,0,0,,,,,,,,http://a2.twimg.com/profile_images/298714926/22_normal.jpeg,,,,,,,,,http://s.twimg.com/a/1287774835/images/themes/theme1/bg.png,,,,,,,,,,,,1246749020000L,2009-07-05 01:10:20,2010-11-07 11:10:52,2016-03-14 17:07:18
53792078,Maur\xedcio Gon\xe7alves,granavirtual,182,677,1975,2,10,http://www.granavirtual.com.br,,,S\xe3o Paulo - SP - Brazil,,,,http://a0.twimg.com/profile_images/297572316/casal20_gohst_normal.jpg,,,,,,,,,http://s.twimg.com/a/1287774835/images/themes/theme15/bg.png,,,,,,,,,Sou Web Empreendedor tenho v\xe1rios sites trabalho com MMN PTC / Produtos Naturais Web Entrepreneur I have several sites working with MMN PTC / Natural Products,,,1246751774000L,2009-07-05 01:56:14,2010-11-07 11:10:52,2016-03-14 17:07:18
53808441,adrianoc1012,adrianoc1012,74,904,2001,4,4,http://twitter.com/adrianoc1012,,,NATAL-RN,,,,http://a3.twimg.com/profile_images/340370743/ogaaaanzbh_ii6gzqm1gclnzlqfzyez7tugw0jajoxzgjghxryclbsim1bvkpf9ugxccpp5rvnyjsm9vlvxu4y0xo6wam1t1uf8iodd4f13nkirfrhda1ktcwted_normal.jpg,,,,,,,,,http://a3.twimg.com/profile_background_images/31051553/genipabu.jpg,,,,,,,,,,,,1246757801000L,2009-07-05 03:36:41,2010-11-07 11:10:52,2016-03-14 17:07:18
53819337,Ryan Ewing,ryanhopesu89205,1,34,288,0,0,,,,,,,,http://a0.twimg.com/profile_images/298349400/25_normal.jpeg,,,,,,,,,http://s.twimg.com/a/1288374569/images/themes/theme1/bg.png,,,,,,,,,,,,1246761583000L,2009-07-05 04:39:43,2010-11-07 11:10:52,2016-03-14 17:07:19
53819925,Raymond Ward,raysadiplo41136,1,46,317,0,1,,,,,,,,http://a3.twimg.com/profile_images/298352103/11_normal.jpeg,,,,,,,,,http://s.twimg.com/a/1288305442/images/themes/theme1/bg.png,,,,,,,,,,,,1246761771000L,2009-07-05 04:42:51,2010-11-07 11:10:52,2016-03-14 17:07:19
53825635,Sara Sampadian,sarasexmeu44054,1,40,283,0,0,,,,,,,,http://a0.twimg.com/profile_images/298361044/43_normal.jpeg,,,,,,,,,http://s.twimg.com/a/1288039940/images/themes/theme1/bg.png,,,,,,,,,,,,1246763838000L,2009-07-05 05:17:18,2010-11-07 11:10:52,2016-03-14 17:07:19
53826674,RZ D'Souza,mangalorea10560,1,47,318,0,1,,,,,,,,http://a0.twimg.com/profile_images/298365220/23_normal.jpeg,,,,,,,,,http://s.twimg.com/a/1287010001/images/themes/theme1/bg.png,,,,,,,,,,,,1246764232000L,2009-07-05 05:23:52,2010-11-07 11:10:52,2016-03-14 17:07:20
53826820,Ali Bervine,ALi_I_Am_B86214,1,59,332,0,0,,,,,,,,http://a3.twimg.com/profile_images/298365831/imagem_bigger_normal.jpg,,,,,,,,,http://s.twimg.com/a/1287010001/images/themes/theme1/bg.png,,,,,,,,,,,,1246764281000L,2009-07-05 05:24:41,2010-11-07 11:10:52,2016-03-14 17:07:20
53873807,Michelle,Michelle73e5m,1,50,309,0,0,http://xurl.jp/fft,,,,,,,http://a2.twimg.com/profile_images/298324186/zzzzscenegirl-0328_normal.jpg,,,,,,,,,http://s.twimg.com/a/1288374569/images/themes/theme1/bg.png,,,,,,,,,,,,1246784746000L,2009-07-05 11:05:46,2010-11-07 11:10:52,2016-03-14 17:07:20
53948371,Ansherri Scales,anniebaby170025,1,72,745,0,0,,,,,,,,http://a3.twimg.com/profile_images/300218855/43_normal.jpeg,,,,,,,,,http://s.twimg.com/a/1287010001/images/themes/theme1/bg.png,,,,,,,,,,,,1246812557000L,2009-07-05 18:49:17,2010-11-07 11:10:52,2016-03-14 17:07:21
53974415,lola,kYLE0z,2,49,278,0,0,http://www.effecty.com,,,USA,,,,http://a1.twimg.com/profile_images/298580273/edy_williams25_normal.jpg,,,,,,,,,http://s.twimg.com/a/1287010001/images/themes/theme1/bg.png,,,,,,,,,waiting for u baby,,,1246819761000L,2009-07-05 20:49:21,2010-11-07 11:10:52,2016-03-14 17:07:21
53978783,lola,arvsTg,4,241,1643,0,3,http://www.30hours.com,,,USA,,,,http://s.twimg.com/a/1288292071/images/default_profile_5_normal.png,,,,,,,,,http://s.twimg.com/a/1288305442/images/themes/theme1/bg.png,,,,,,,,,waiting for u baby,,,1246820977000L,2009-07-05 21:09:37,2010-11-07 11:10:52,2016-03-14 17:07:21
54080533,kelsey arsenault,edwardxbelfbg,1,37,383,0,1,,,,,,,,http://a1.twimg.com/profile_images/300506829/49_normal.jpeg,,,,,,,,,http://s.twimg.com/a/1288470193/images/themes/theme1/bg.png,,,,,,,,,,,,1246846737000L,2009-07-06 04:18:57,2010-11-07 11:10:52,2016-03-14 17:07:21
54234822,Guilherme Nardelli,guiiinardelli,748,935,2001,12,3,http://meuorkut.com/guinardelli,,,Rio do Sul - SC ,,,,http://a0.twimg.com/profile_images/376087780/foto-a0831_normal.jpg,,,,,,,,,http://a1.twimg.com/profile_background_images/30187476/fire-striped.jpg,,,,,,,,,,,,1246894208000L,2009-07-06 17:30:08,2010-11-07 11:10:52,2016-03-14 17:07:22
54265489,J\xfalia C.,juliacarvalho5,4,52,295,0,0,,,,,,,,http://a3.twimg.com/profile_images/300139195/545454_normal.jpg,,,,,,,,,http://a3.twimg.com/profile_background_images/21743459/vaaai2.jpg,,,,,,,,,,,,1246900140000L,2009-07-06 19:09:00,2010-11-07 11:10:52,2016-03-14 17:07:22
54353595,Tony Max,WhosMax,3803,2061,2275,0,8,http://bit.ly/akgjrf,,,Reading in bed,,,,http://a0.twimg.com/profile_images/300633340/images_normal.jpg,,,,,,,,,http://s.twimg.com/a/1288374569/images/themes/theme1/bg.png,,,,,,,,,We support Leader Dogs!  Make sure to check our site and donate today! :),,,1246918861000L,2009-07-07 00:21:01,2010-11-07 11:10:52,2016-03-14 17:07:22
54634998,Annie Lacy,AnniexaLacyi,83,409,1869,0,0,,,,US,,,,http://a2.twimg.com/profile_images/302106798/740_normal.jpg,,,,,,,,,http://s.twimg.com/a/1288847101/images/themes/theme6/bg.gif,,,,,,,,,"it's Hermione, loves promoting musicians and Causes. JB, Honor Society, Push Play, Priscilla, and HP rule! no, duh! and I love the girls of KSM.  Jesus PONES",,,1246991577000L,2009-07-07 20:32:57,2010-11-07 11:10:52,2016-03-14 17:07:23
54638312,Jimena Shea,JimenawaSheai,82,447,1871,0,0,,,,US,,,,http://a1.twimg.com/profile_images/302123441/120_normal.jpg,,,,,,,,,http://s.twimg.com/a/1288981003/images/themes/theme1/bg.png,,,,,,,,,"Hip hop, Bake, Rollerskate, Chef ,Dance, Sing, Lover not a Fighter, Dildo Slanger, Erb smoker, I love to laugh.",,,1246992351000L,2009-07-07 20:45:51,2010-11-07 11:10:52,2016-03-14 17:07:23
54671794,Emerson Cameron,EmersonhaCameri,97,518,1779,0,1,,,,US,,,,http://a3.twimg.com/profile_images/302287647/471_normal.jpg,,,,,,,,,http://s.twimg.com/a/1288305442/images/themes/theme8/bg.gif,,,,,,,,,"Mom, Wife, Psych Nurse, Baby Clothing Designer Marital Artist/Kick Boxer Wine Lover &amp;amp; Entrepreneur",,,1246999842000L,2009-07-07 22:50:42,2010-11-07 11:10:52,2016-03-14 17:07:23
54784761,Haley Terrance,HaleylaTerranci,94,539,1639,0,2,,,,US,,,,http://a1.twimg.com/profile_images/302878441/38_normal.jpg,,,,,,,,,http://s.twimg.com/a/1287774835/images/themes/theme10/bg.gif,,,,,,,,,well im 19 years old im a mother of a beautiful babygirl named ALIVIAH shes 2 1/2 I LOVE YOU BABY!!!,,,1247023879000L,2009-07-08 05:31:19,2010-11-07 11:10:52,2016-03-14 17:07:23
54786968,Cade Irving,CadecaIrvingi,93,356,1211,0,0,,,,US,,,,http://a1.twimg.com/profile_images/302892045/544_normal.jpg,,,,,,,,,http://s.twimg.com/a/1288305442/images/themes/theme5/bg.gif,,,,,,,,,Internet Storm Center Incident Handler,,,1247024443000L,2009-07-08 05:40:43,2010-11-07 11:10:52,2016-03-14 17:07:24
54888403,Donovan Broderick,DonovannaBrodei,73,437,1818,0,0,,,,US,,,,http://a3.twimg.com/profile_images/303395163/26_normal.jpg,,,,,,,,,http://s.twimg.com/a/1288305442/images/themes/theme1/bg.png,,,,,,,,,Graphic Designer for the University of Nebraska Medical Center. Director of Programming AIGA Nebraska.,,,1247058268000L,2009-07-08 15:04:28,2010-11-07 11:10:52,2016-03-14 17:07:24
54890930,Karissa Marquise,KarissaqaMarqui,84,416,1866,0,0,,,,US,,,,http://a2.twimg.com/profile_images/303406190/430_normal.jpg,,,,,,,,,http://s.twimg.com/a/1288305442/images/themes/theme1/bg.png,,,,,,,,,I'm just a lucky PR girl living my dream.,,,1247058894000L,2009-07-08 15:14:54,2010-11-07 11:10:52,2016-03-14 17:07:24
54891461,Belen Rigoberto,BelensaRigoberi,74,375,1692,0,0,,,,US,,,,http://a1.twimg.com/profile_images/303408489/242_normal.jpg,,,,,,,,,http://s.twimg.com/a/1288907344/images/themes/theme5/bg.gif,,,,,,,,,"Music, Singing, Choir, Vocal,Happiness, Love, Compassion, Meditation, Spirituality, Buddhism",,,1247059020000L,2009-07-08 15:17:00,2010-11-07 11:10:52,2016-03-14 17:07:25
54909007,Simeon Ashly,SimeonfaAshlyi,83,294,1194,0,0,,,,US,,,,http://a3.twimg.com/profile_images/303486331/120_normal.jpg,,,,,,,,,http://s.twimg.com/a/1288907344/images/themes/theme10/bg.gif,,,,,,,,,"Hip hop, Bake, Rollerskate, Chef ,Dance, Sing, Lover not a Fighter, Dildo Slanger, Erb smoker, I love to laugh.",,,1247062915000L,2009-07-08 16:21:55,2010-11-07 11:10:52,2016-03-14 17:07:25
54951157,Julianna Madyson,JuliannacaMadyi,85,393,1471,0,1,,,,US,,,,http://a1.twimg.com/profile_images/303689089/780_normal.jpg,,,,,,,,,http://s.twimg.com/a/1287523226/images/themes/theme6/bg.gif,,,,,,,,,"uhm, im Riz, no one i know has twitter sooo, this is lame, byeeebyebyebyebyebyeee",,,1247071531000L,2009-07-08 18:45:31,2010-11-07 11:10:52,2016-03-14 17:07:25
55028106,Laisha Maya,LaishauaMayai,72,557,1847,0,0,,,,US,,,,http://a0.twimg.com/profile_images/304091364/817_normal.jpg,,,,,,,,,http://s.twimg.com/a/1287523226/images/themes/theme9/bg.gif,,,,,,,,,I'm Rianna and my surname is Cruz. Haha.,,,1247086999000L,2009-07-08 23:03:19,2010-11-07 11:10:52,2016-03-14 17:07:26
55056360,Max Abigale,MaxgaAbigalei,98,463,1733,0,0,,,,,,,,http://a1.twimg.com/profile_images/304244157/853_normal.jpg,,,,,,,,,http://s.twimg.com/a/1288374569/images/themes/theme8/bg.gif,,,,,,,,,,,,1247093104000L,2009-07-09 00:45:04,2010-11-07 11:10:52,2016-03-14 17:07:26
55069718,Dalton Lizette,DaltonsaLizetti,87,367,1840,0,0,,,,US,,,,http://a1.twimg.com/profile_images/304315449/472_normal.jpg,,,,,,,,,http://s.twimg.com/a/1288470193/images/themes/theme8/bg.gif,,,,,,,,,"Fot\xf3grafa, estudante de publicidade",,,1247096080000L,2009-07-09 01:34:40,2010-11-07 11:10:52,2016-03-14 17:07:26
55081715,Joanna,Joanna7h1zj,1,39,339,0,0,http://xurl.jp/opt,,,,,,,http://a0.twimg.com/profile_images/305103124/zzzzscenegirl-1727_normal.jpg,,,,,,,,,http://s.twimg.com/a/1288305442/images/themes/theme1/bg.png,,,,,,,,,,,,1247098815000L,2009-07-09 02:20:15,2010-11-07 11:10:52,2016-03-14 17:07:27
55085362,Laura Roderick,LaurapaRoderici,80,534,1840,0,0,,,,US,,,,http://a2.twimg.com/profile_images/304401010/274_normal.jpg,,,,,,,,,http://s.twimg.com/a/1288374569/images/themes/theme5/bg.gif,,,,,,,,,BlingQueenFashionz.com is the ultimate destination for all your accessorizing needs.,,,1247099805000L,2009-07-09 02:36:45,2010-11-07 11:10:52,2016-03-14 17:07:27
55090967,Cally White,callywhitedfe,1,47,1513,0,0,,,,,,,,http://a3.twimg.com/profile_images/305382719/c_normal_normal.jpg,,,,,,,,,http://s.twimg.com/a/1288305442/images/themes/theme1/bg.png,,,,,,,,,,,,1247101231000L,2009-07-09 03:00:31,2010-11-07 11:10:52,2016-03-14 17:07:27
55091846,Miichael Cleber,MichaeLL_STyle_,724,2896,3489,3,11,,,,Artur Nogueira - SP,,,,http://a2.twimg.com/profile_images/575135470/ogaaagwhxrvaysuh92vuhzr9dg5pz_bw1gg6rhrsypkylle9_nfiottietjbkkhpuzx5xzweaior3tpy3z8sk-v58w4am1t1uivgtoohycmogqbps1bsrjjcetzu_normal.jpg,,,,,,,,,http://a3.twimg.com/profile_background_images/65245217/teste_1.jpg,,,,,,,,,Follow-me ? Quem se descreve se Limita ! ,,,1247101459000L,2009-07-09 03:04:19,2010-11-07 11:10:52,2016-03-14 17:07:27
55094271,Sylvia Gwendolyn,SylviaxaGwendoi,80,383,1507,0,0,,,,US,,,,http://a1.twimg.com/profile_images/304448149/250_normal.jpg,,,,,,,,,http://s.twimg.com/a/1288374569/images/themes/theme2/bg.gif,,,,,,,,,Part time model working to expand.,,,1247102049000L,2009-07-09 03:14:09,2010-11-07 11:10:52,2016-03-14 17:07:28
55101042,Britney Kelsie,BritneyvaKelsii,77,453,1833,0,0,,,,US,,,,http://a2.twimg.com/profile_images/304485266/488_normal.jpg,,,,,,,,,http://s.twimg.com/a/1288847101/images/themes/theme10/bg.gif,,,,,,,,,"CEO Institut za elektroni\u010dko poslovanje, IT i marketing consultant",,,1247103542000L,2009-07-09 03:39:02,2010-11-07 11:10:52,2016-03-14 17:07:28
55109583,Tiffany Kaydence,TiffanypaKaydei,78,634,1877,0,0,,,,US,,,,http://a1.twimg.com/profile_images/304535937/102_normal.jpg,,,,,,,,,http://s.twimg.com/a/1288374569/images/themes/theme4/bg.gif,,,,,,,,,pints of guiness make me strong,,,1247105569000L,2009-07-09 04:12:49,2010-11-07 11:10:52,2016-03-14 17:07:28
55113333,Liana Jayla,LianayaJaylai,73,542,1749,0,2,,,,US,,,,http://a1.twimg.com/profile_images/304556789/386_normal.jpg,,,,,,,,,http://s.twimg.com/a/1288374569/images/themes/theme8/bg.gif,,,,,,,,,Mas sobre mi aqui =&amp;gt; http://espanja.org/node/4532,,,1247106449000L,2009-07-09 04:27:29,2010-11-07 11:10:52,2016-03-14 17:07:29
55116927,Zack,yankeesgod4i4,1,68,1769,0,2,,,,,,,,http://a3.twimg.com/profile_images/306588791/31_normal.jpeg,,,,,,,,,http://s.twimg.com/a/1288305442/images/themes/theme1/bg.png,,,,,,,,,,,,1247107269000L,2009-07-09 04:41:09,2010-11-07 11:10:52,2016-03-14 17:07:29
55120214,Aria Carolina,AriayaCarolinai,74,466,1838,0,0,,,,US,,,,http://a3.twimg.com/profile_images/304597023/88_normal.jpg,,,,,,,,,http://s.twimg.com/a/1288822933/images/themes/theme3/bg.gif,,,,,,,,,"Army Girlfriend, College Student, 1950 Chevy 3100 car shower, mommy to a bull terrier named Gunny",,,1247108066000L,2009-07-09 04:54:26,2010-11-07 11:10:52,2016-03-14 17:07:29
55143227,Travel Tiger,traveltigelbg,1,40,1472,0,1,,,,,,,,http://a3.twimg.com/profile_images/306943687/13_normal.jpeg,,,,,,,,,http://s.twimg.com/a/1288305442/images/themes/theme1/bg.png,,,,,,,,,,,,1247114166000L,2009-07-09 06:36:06,2010-11-07 11:10:52,2016-03-14 17:07:29
55148489,April Henderson,achendersoenf,1,53,1509,0,0,,,,,,,,http://a0.twimg.com/profile_images/306975632/25_normal.jpeg,,,,,,,,,http://s.twimg.com/a/1288660386/images/themes/theme1/bg.png,,,,,,,,,,,,1247115752000L,2009-07-09 07:02:32,2010-11-07 11:10:52,2016-03-14 17:07:30
55162707,IthacaWeather,IthacaWeata7h,1,20,759,0,0,,,,,,,,http://a2.twimg.com/profile_images/307840790/c_normal_normal.jpg,,,,,,,,,http://s.twimg.com/a/1288217225/images/themes/theme1/bg.png,,,,,,,,,,,,1247120648000L,2009-07-09 08:24:08,2010-11-07 11:10:52,2016-03-14 17:07:30
55194361,Clare Hopping,ClareHoppi3ke,1,44,1358,0,1,,,,,,,,http://a3.twimg.com/profile_images/307012179/20_normal.jpeg,,,,,,,,,http://s.twimg.com/a/1288907344/images/themes/theme1/bg.png,,,,,,,,,,,,1247133367000L,2009-07-09 11:56:07,2010-11-07 11:10:52,2016-03-14 17:07:30
55194570,sophie cooper,sophielizagim,1,53,1384,0,0,,,,,,,,http://a0.twimg.com/profile_images/307015076/47_normal.jpeg,,,,,,,,,http://s.twimg.com/a/1288374569/images/themes/theme1/bg.png,,,,,,,,,,,,1247133462000L,2009-07-09 11:57:42,2010-11-07 11:10:52,2016-03-14 17:07:31
55207262,Jamie,Jamie3qijv,1,46,347,0,1,,,,,,,,http://s.twimg.com/a/1287010001/images/default_profile_5_normal.png,,,,,,,,,http://s.twimg.com/a/1287010001/images/themes/theme1/bg.png,,,,,,,,,,,,1247138268000L,2009-07-09 13:17:48,2010-11-07 11:10:52,2016-03-14 17:07:31
55207581,Jillian Wesley,JillianlaWeslei,88,402,1613,0,0,,,,US,,,,http://a2.twimg.com/profile_images/305092042/541_normal.jpg,,,,,,,,,http://s.twimg.com/a/1288305442/images/themes/theme9/bg.gif,,,,,,,,,I do not know :D,,,1247138387000L,2009-07-09 13:19:47,2010-11-07 11:10:52,2016-03-14 17:07:31
55214971,Giovanny Prince,GiovannyyaPrini,76,640,1867,0,1,,,,US,,,,http://a2.twimg.com/profile_images/305123738/484_normal.jpg,,,,,,,,,http://s.twimg.com/a/1288374569/images/themes/theme7/bg.gif,,,,,,,,,"Idealizadora do Poucas e Boas da Mari, site de entrevistas e informa\xe7\xf5es culturais",,,1247140782000L,2009-07-09 13:59:42,2010-11-07 11:10:52,2016-03-14 17:07:31
55221873,Meadow Allyson,MeadowjaAllysoi,80,390,1715,0,0,,,,US,,,,http://a1.twimg.com/profile_images/305155377/240_normal.jpg,,,,,,,,,http://s.twimg.com/a/1288470193/images/themes/theme6/bg.gif,,,,,,,,,"Blue jean baby, L.A. lady, seamstress for the band... Pretty eyed, pirate smile, you'll marry a music man",,,1247142875000L,2009-07-09 14:34:35,2010-11-07 11:10:52,2016-03-14 17:07:32
55243788,Mikayla Dylan,MikaylacaDylani,80,578,1870,0,1,,,,US,,,,http://a1.twimg.com/profile_images/305257369/28_normal.jpg,,,,,,,,,http://s.twimg.com/a/1288374569/images/themes/theme6/bg.gif,,,,,,,,,"I heart Kansas City, advertising and wine.",,,1247148293000L,2009-07-09 16:04:53,2010-11-07 11:10:52,2016-03-14 17:07:32
55256821,Jordon Hayden,JordonoaHaydeni,85,592,1695,0,1,,,,US,,,,http://a3.twimg.com/profile_images/305321199/575_normal.jpg,,,,,,,,,http://s.twimg.com/a/1288305442/images/themes/theme8/bg.gif,,,,,,,,,Home exec with a hubby and 2 kiddies.  Loving life!,,,1247151187000L,2009-07-09 16:53:07,2010-11-07 11:10:52,2016-03-14 17:07:32
55274536,Kaelyn Zakary,KaelyncaZakaryi,89,450,1849,0,2,,,,US,,,,http://a1.twimg.com/profile_images/305415533/86_normal.jpg,,,,,,,,,http://s.twimg.com/a/1288305442/images/themes/theme8/bg.gif,,,,,,,,,I'm a college-educated mother and house-wife,,,1247155007000L,2009-07-09 17:56:47,2010-11-07 11:10:52,2016-03-14 17:07:33
55275603,Keegan Skyler,KeeganzaSkyleri,101,500,1808,0,0,,,,,,,,http://a3.twimg.com/profile_images/305419995/44_normal.jpg,,,,,,,,,http://s.twimg.com/a/1288632582/images/themes/theme9/bg.gif,,,,,,,,,,,,1247155234000L,2009-07-09 18:00:34,2010-11-07 11:10:52,2016-03-14 17:07:33
55329745,Elyse Brionna,ElysekaBrionnai,88,485,1818,0,2,,,,US,,,,http://a2.twimg.com/profile_images/305710662/423_normal.jpg,,,,,,,,,http://s.twimg.com/a/1288374569/images/themes/theme1/bg.png,,,,,,,,,I'm happy to discover that I can't sum up my life in one line. How cool is that?! ,,,1247166646000L,2009-07-09 21:10:46,2010-11-07 11:10:52,2016-03-14 17:07:33
55332860,Johnny Skylar,JohnnyiaSkylari,83,362,1670,0,0,,,,US,,,,http://a1.twimg.com/profile_images/305726553/473_normal.jpg,,,,,,,,,http://s.twimg.com/a/1287774835/images/themes/theme7/bg.gif,,,,,,,,,Harlem born... African child... Enlightening the world one person at a time. Afrique Je T'aime!,,,1247167271000L,2009-07-09 21:21:11,2010-11-07 11:10:52,2016-03-14 17:07:33
55335544,Sarahi Tariq,SarahigaTariqi,74,597,1800,0,1,,,,US,,,,http://a2.twimg.com/profile_images/305741406/745_normal.jpg,,,,,,,,,http://s.twimg.com/a/1288470193/images/themes/theme6/bg.gif,,,,,,,,,I like to touch myself and eat dogs. I don't give a MOTHERFUCK!,,,1247167850000L,2009-07-09 21:30:50,2010-11-07 11:10:52,2016-03-14 17:07:34
55342654,Kyra Meadow,KyraiaMeadowi,101,434,1842,0,0,,,,US,,,,http://a2.twimg.com/profile_images/305780010/93_normal.jpg,,,,,,,,,http://s.twimg.com/a/1288660386/images/themes/theme8/bg.gif,,,,,,,,,"Hi, I'm Jessi. Remember me(:",,,1247169361000L,2009-07-09 21:56:01,2010-11-07 11:10:52,2016-03-14 17:07:34
55381229,Wyatt Michaela,WyattyaMichaeli,78,450,1671,0,0,,,,US,,,,http://a1.twimg.com/profile_images/305991597/512_normal.jpg,,,,,,,,,http://s.twimg.com/a/1288305442/images/themes/theme5/bg.gif,,,,,,,,,"Journalist, 2 kids",,,1247177887000L,2009-07-10 00:18:07,2010-11-07 11:10:52,2016-03-14 17:07:34
55394519,Mya Kevin,MyaoaKevini,65,580,1888,0,0,,,,US,,,,http://a1.twimg.com/profile_images/306063969/346_normal.jpg,,,,,,,,,http://s.twimg.com/a/1288907344/images/themes/theme7/bg.gif,,,,,,,,,"Designer of stunning, handcrafted wedding ring pillows - to love &amp;amp; to cherish",,,1247180932000L,2009-07-10 01:08:52,2010-11-07 11:10:52,2016-03-14 17:07:35
55396146,Gerardo Joey,GerardoaaJoeyi,75,589,1817,0,2,,,,US,,,,http://a0.twimg.com/profile_images/306072352/458_normal.jpg,,,,,,,,,http://s.twimg.com/a/1288305442/images/themes/theme6/bg.gif,,,,,,,,,pseudo-jornalista que gosta de tosquices digitais para desabafos aleat\xf3rios,,,1247181317000L,2009-07-10 01:15:17,2010-11-07 11:10:52,2016-03-14 17:07:35
55412037,Jeff Kaylah,JeffjaKaylahi,65,475,1877,0,1,,,,US,,,,http://a3.twimg.com/profile_images/306164647/556_normal.jpg,,,,,,,,,http://s.twimg.com/a/1288470193/images/themes/theme8/bg.gif,,,,,,,,,Reference librarian @ Utah State Law Library. Moved from Hong Kong to Walla Walla to D.C. to Seattle to SLC. I hate moving.,,,1247185339000L,2009-07-10 02:22:19,2010-11-07 11:10:52,2016-03-14 17:07:35
55413450,Kenneth Ebony,KennethfaEbonyi,78,250,1238,0,0,,,,US,,,,http://a1.twimg.com/profile_images/306173033/83_normal.jpg,,,,,,,,,http://s.twimg.com/a/1288374569/images/themes/theme2/bg.gif,,,,,,,,,"I am an official stay at home mom who wasn't cut out for the job. I design websites on the side, though my full time gig is two wiley gals.  I have a lot to s",,,1247185694000L,2009-07-10 02:28:14,2010-11-07 11:10:52,2016-03-14 17:07:36
55939337,Raphael Dos Santos,Richman8,430,666,2001,15,12,,,,,,,,http://a2.twimg.com/profile_images/308997830/ogaaabivhnqfb6wjpd5cbuih7b1cs58_gkslvpd4qhgqhzsospevf-nv_katu1vrwymbokphsytmpi1gf4b1b7hxkcaam1t1ubtkycm5y7vxhih_aqhdnvrmtyff_normal.jpg,,,,,,,,,http://a3.twimg.com/profile_background_images/23055909/2009-07-13_12-23-23_187.13.53.108.jpg,,,,,,,,,,,,1247348868000L,2009-07-11 23:47:48,2010-11-07 11:10:52,2016-03-14 17:07:36
56138977,Amanda,astefanisilva,588,2630,3855,0,14,,,,,,,,http://a0.twimg.com/profile_images/499722864/1231273724915_f_normal.jpg,,,,,,,,,http://a3.twimg.com/profile_background_images/52530031/adesivos-decorativos-lucas-leite-monstrinhos-arte.jpg,,,,,,,,,,,,1247419071000L,2009-07-12 19:17:51,2010-11-07 11:10:52,2016-03-14 17:07:36
56600808,HEO ,wwwHEOba,15,258,1981,0,4,http://www.heo.ba,,,Mostar,,,,http://a2.twimg.com/profile_images/783561210/heo_-_kratki_logo_copy_normal.jpg,,,,,,,,,http://a1.twimg.com/profile_background_images/87013106/twiter.jpg,,,,,,,,,,,,1247544376000L,2009-07-14 06:06:16,2010-11-07 11:10:52,2016-03-14 17:07:36
56612338,Karla Marrufo,KarlaVenez7308,32,48,593,0,0,,,,,,,,http://a1.twimg.com/profile_images/312795289/12_normal.jpg,,,,,,,,,http://s.twimg.com/a/1288374569/images/themes/theme1/bg.png,,,,,,,,,,,,1247547769000L,2009-07-14 07:02:49,2010-11-07 11:10:52,2016-03-14 17:07:37
56682712,Real Bad Wolf,realbadwolf,75,529,1984,0,3,,,,Earth,,,,http://a3.twimg.com/profile_images/313058671/wolf-photo_normal.jpg,,,,,,,,,http://s.twimg.com/a/1287774835/images/themes/theme9/bg.gif,,,,,,,,,,,,1247575257000L,2009-07-14 14:40:57,2010-11-07 11:10:52,2016-03-14 17:07:37
56740037,Leticia,Le_avilad,56,282,459,0,2,http://djeitonovo.blogspot.com,,,Porto Alegre/RS,,,,http://a3.twimg.com/profile_images/450267511/eu_normal.jpg,,,,,,,,,http://a3.twimg.com/profile_background_images/91045869/twitter_bg_inter.jpg,,,,,,,,,,,,1247588782000L,2009-07-14 18:26:22,2010-11-07 11:10:52,2016-03-14 17:07:37
56816007,Luis Lauro A. Silva,laurostreet,30,179,433,0,2,,,,,,,,http://a0.twimg.com/profile_images/715675912/dsc02932_normal.jpg,,,,,,,,,http://a1.twimg.com/profile_background_images/134857694/legos.jpg,,,,,,,,,,,,1247605516000L,2009-07-14 23:05:16,2010-11-07 11:10:52,2016-03-14 17:07:37
56864026,Iago Melo,iago_melo,170,738,1868,0,1,,,,,,,,http://a0.twimg.com/profile_images/322650556/z1nvy1m0_normal.jpg,,,,,,,,,http://a3.twimg.com/profile_background_images/24339417/abstract_1.jpg,,,,,,,,,,,,1247616627000L,2009-07-15 02:10:27,2010-11-07 11:10:52,2016-03-14 17:07:38
57119153,Lara Phillips,richclub,113,319,656,0,1,http://www.browse4all.com,,,,,,,http://a3.twimg.com/profile_images/316438959/blue_hills_normal.jpg,,,,,,,,,http://a3.twimg.com/profile_background_images/34876585/caribbean.jpg,,,,,,,,,make your dreams reality with richclub,,,1247687881000L,2009-07-15 21:58:01,2010-11-07 11:10:52,2016-03-14 17:07:38
57210999,Bethany,essenceand4638,2,101,1378,0,1,,,,,,,,http://a3.twimg.com/profile_images/315954919/26_normal.jpeg,,,,,,,,,http://s.twimg.com/a/1287774835/images/themes/theme1/bg.png,,,,,,,,,,,,1247710030000L,2009-07-16 04:07:10,2010-11-07 11:10:52,2016-03-14 17:07:38
57213010, moRick Groleau,RickGrolea3957,2,89,1208,0,1,,,,,,,,http://a3.twimg.com/profile_images/315959619/___11_normal.jpeg,,,,,,,,,http://s.twimg.com/a/1288470193/images/themes/theme1/bg.png,,,,,,,,,,,,1247710526000L,2009-07-16 04:15:26,2010-11-07 11:10:52,2016-03-14 17:07:38
57281658,Lindsey,Lindsey09x6z,1,46,383,0,1,http://xurl.jp/94u,,,,,,,http://a0.twimg.com/profile_images/316326664/zzzzzscenegirl-1502_normal.jpg,,,,,,,,,http://s.twimg.com/a/1288733636/images/themes/theme1/bg.png,,,,,,,,,,,,1247733380000L,2009-07-16 10:36:20,2010-11-07 11:10:52,2016-03-14 17:07:39
57287181,Lindsey,Lindsey3h0ai,1,85,420,0,0,http://xurl.jp/q5u,,,,,,,http://a3.twimg.com/profile_images/316415775/zzzzzscenegirl-1639_normal.jpg,,,,,,,,,http://s.twimg.com/a/1287523226/images/themes/theme1/bg.png,,,,,,,,,,,,1247735665000L,2009-07-16 11:14:25,2010-11-07 11:10:52,2016-03-14 17:07:39
57312480,Kristin,Kristin5pnih,1,61,382,0,0,http://xurl.jp/v7u,,,,,,,http://a2.twimg.com/profile_images/316728130/zzscenegirl-0767_normal.jpg,,,,,,,,,http://s.twimg.com/a/1288137272/images/themes/theme1/bg.png,,,,,,,,,,,,1247744777000L,2009-07-16 13:46:17,2010-11-07 11:10:52,2016-03-14 17:07:40
57319540,Stephanie,Stephanie3680v,1,45,311,0,0,http://xurl.jp/57u,,,,,,,http://a3.twimg.com/profile_images/317618707/zzscenegirl-0840_normal.jpg,,,,,,,,,http://s.twimg.com/a/1288305442/images/themes/theme1/bg.png,,,,,,,,,,,,1247746928000L,2009-07-16 14:22:08,2010-11-07 11:10:52,2016-03-14 17:07:40
57332734,Adriana,Adriana47cp8,1,48,353,0,0,http://xurl.jp/e8u,,,,,,,http://a3.twimg.com/profile_images/318036063/zzscenegirl-0940_normal.jpg,,,,,,,,,http://s.twimg.com/a/1288660386/images/themes/theme1/bg.png,,,,,,,,,,,,1247750634000L,2009-07-16 15:23:54,2010-11-07 11:10:52,2016-03-14 17:07:40
57397725,Nelson ,4Xcurrencymeter,8,122,351,0,0,http://www.currencymeter.com/,,,,,,,http://a2.twimg.com/profile_images/316913394/forexpic_normal.jpg,,,,,,,,,http://s.twimg.com/a/1288305442/images/themes/theme1/bg.png,,,,,,,,,I know the forex secret. I'm just waiting for the right opportunity.,,,1247766954000L,2009-07-16 19:55:54,2010-11-07 11:10:52,2016-03-14 17:07:41
57518018,Kevin Bueno,Kevin_Bueno,3343,4731,4001,0,108,,,,,,,,http://a1.twimg.com/profile_images/635828277/12_normal.jpg,,,,,,,,,http://a3.twimg.com/profile_background_images/65184815/kkkkkkkkkk.jpg,,,,,,,,,,,,1247796237000L,2009-07-17 04:03:57,2010-11-07 11:10:52,2016-03-14 17:07:41
57753218,R.J,fokiu,24,284,1971,0,6,,,,,,,,http://a3.twimg.com/profile_images/318726095/22175_1207353709_normal.jpg,,,,,,,,,http://s.twimg.com/a/1288374569/images/themes/theme1/bg.png,,,,,,,,,,,,1247863746000L,2009-07-17 22:49:06,2010-11-07 11:10:52,2016-03-14 17:07:41
58442027,Tiffany,Tiffany37lhj,3,47,368,0,0,http://xurl.jp/zgw,,,,,,,http://a1.twimg.com/profile_images/322626689/zzzzzzscenegirl-0553_normal.jpg,,,,,,,,,http://s.twimg.com/a/1288374569/images/themes/theme1/bg.png,,,,,,,,,,,,1248085864000L,2009-07-20 12:31:04,2010-11-07 11:10:52,2016-03-14 17:07:41
58445598,Samantha,Samantha4hjsw,3,62,420,0,0,http://xurl.jp/bhw,,,,,,,http://a2.twimg.com/profile_images/322699082/zzzzzzscenegirl-0637_normal.jpg,,,,,,,,,http://s.twimg.com/a/1287523226/images/themes/theme1/bg.png,,,,,,,,,,,,1248087374000L,2009-07-20 12:56:14,2010-11-07 11:10:52,2016-03-14 17:07:42
58624454,Karool.Souza,KaroolSouza,59,419,1914,0,6,,,,,,,,http://a2.twimg.com/profile_images/798088566/img1336a_normal.jpg,,,,,,,,,http://a3.twimg.com/profile_background_images/65496365/bg_karol.gif,,,,,,,,,,,,1248131716000L,2009-07-21 01:15:16,2010-11-07 11:10:52,2016-03-14 17:07:42
58731168,rico ahmad statham,ricostatham,307,45,252,1,1,http://kecoaperkasa.blogspot.com/,,,,,,,http://a1.twimg.com/profile_images/476420593/ocoy_normal.jpg,,,,,,,,,http://a3.twimg.com/profile_background_images/46093843/10808walls_gatomic560.jpg,,,,,,,,,,,,1248160139000L,2009-07-21 09:08:59,2010-11-07 11:10:52,2016-03-14 17:07:42
58949484,Ashley,Ashley509xu,2,64,406,0,0,http://xurl.jp/01w,,,,,,,http://a1.twimg.com/profile_images/325970601/zzzzzzscenegirl-1001_normal.jpg,,,,,,,,,http://s.twimg.com/a/1288305442/images/themes/theme1/bg.png,,,,,,,,,,,,1248216507000L,2009-07-22 00:48:27,2010-11-07 11:10:52,2016-03-14 17:07:43
59434448,Brittney,Brittney7t7h3,2,53,375,0,0,http://xurl.jp/nhx,,,,,,,http://a0.twimg.com/profile_images/328172220/zzzzzzscenegirl-1552_normal.jpg,,,,,,,,,http://s.twimg.com/a/1288981003/images/themes/theme1/bg.png,,,,,,,,,,,,1248349310000L,2009-07-23 13:41:50,2010-11-07 11:10:52,2016-03-14 17:07:43
59435295,Valerie,Valerie6o858,3,86,462,0,1,http://xurl.jp/ohx,,,,,,,http://a3.twimg.com/profile_images/328176051/zzzzzzscenegirl-1557_normal.jpg,,,,,,,,,http://s.twimg.com/a/1288374569/images/themes/theme1/bg.png,,,,,,,,,,,,1248349561000L,2009-07-23 13:46:01,2010-11-07 11:10:52,2016-03-14 17:07:43
59507538,Luiz Fernando R. N.,Tuchee_94,416,662,411,3,10,http://meadiciona.com/tuchee,,,Uberl\xe2ndia MG,,,,http://a2.twimg.com/profile_images/612752718/alaana_386_normal.jpg,,,,,,,,,http://a1.twimg.com/profile_background_images/64429960/estadddmpa.jpg,,,,,,,,,\xda\xfa\xfa\xfa Cha la la (8),,,1248365351000L,2009-07-23 18:09:11,2010-11-07 11:10:52,2016-03-14 17:07:44
59904140,Joseane Souza,chiquita_morena,2,160,154,0,1,,,,S\xe3o Paulo,,,,http://a2.twimg.com/profile_images/330876702/q7lxo00nni5ls51i61mx682895059jrpdk41r8s_grd_normal.jpg,,,,,,,,,http://a3.twimg.com/profile_background_images/25324807/rosas.jpg,,,,,,,,,,,,1248473938000L,2009-07-25 00:18:58,2010-11-07 11:10:52,2016-03-14 17:07:44
60022898,Alicia,Alicia03dos,2,56,392,0,0,http://xurl.jp/y5x,,,,,,,http://a3.twimg.com/profile_images/331411411/zzzzzzscenegirl-1999_normal.jpg,,,,,,,,,http://s.twimg.com/a/1288470193/images/themes/theme1/bg.png,,,,,,,,,,,,1248513989000L,2009-07-25 11:26:29,2010-11-07 11:10:52,2016-03-14 17:07:44
60024529,Amber,Amber3zwxc,2,79,431,0,1,http://xurl.jp/45x,,,,,,,http://a2.twimg.com/profile_images/331446506/zzzzzzscenegirl-2045_normal.jpg,,,,,,,,,http://s.twimg.com/a/1286302838/images/themes/theme1/bg.png,,,,,,,,,,,,1248514772000L,2009-07-25 11:39:32,2010-11-07 11:10:52,2016-03-14 17:07:44
60088951,Karool ,karollinex,156,567,1462,3,6,http://karolzinha_atv@hotmail.com,,,Sumar\xe9,,,,http://a3.twimg.com/profile_images/376108147/-karool_418_normal.jpg,,,,,,,,,http://a3.twimg.com/profile_background_images/31246393/k.png,,,,,,,,,  . Try agayn   !,,,1248538373000L,2009-07-25 18:12:53,2010-11-07 11:10:52,2016-03-14 17:07:45
60111320,stupids rocknroll,thestupidsrnr,202,864,1947,0,36,,,,,,,,http://a3.twimg.com/profile_images/331711091/stupids_normal.jpg,,,,,,,,,http://a1.twimg.com/profile_background_images/84412486/twitter_2010_2.png,,,,,,,,,,,,1248544988000L,2009-07-25 20:03:08,2010-11-07 11:10:52,2016-03-14 17:07:45
60201294,Michelle,Michelle87x9x,2,62,405,0,0,http://xurl.jp/3dy,,,,,,,http://a1.twimg.com/profile_images/332482081/zzzzzzzscenegirl-0047_normal.jpg,,,,,,,,,http://s.twimg.com/a/1288470193/images/themes/theme1/bg.png,,,,,,,,,,,,1248572571000L,2009-07-26 03:42:51,2010-11-07 11:10:52,2016-03-14 17:07:45
60430191,Mary,Mary77qrn,2,37,321,0,1,http://xurl.jp/koy,,,,,,,http://a3.twimg.com/profile_images/333826827/zzzzzzzscenegirl-0470_normal.jpg,,,,,,,,,http://s.twimg.com/a/1288305442/images/themes/theme1/bg.png,,,,,,,,,,,,1248652527000L,2009-07-27 01:55:27,2010-11-07 11:10:52,2016-03-14 17:07:46
60430205,Julia,Julia0wgop,2,60,388,0,1,http://xurl.jp/koy,,,,,,,http://a2.twimg.com/profile_images/333827862/zzzzzzzscenegirl-0471_normal.jpg,,,,,,,,,http://s.twimg.com/a/1288039940/images/themes/theme1/bg.png,,,,,,,,,,,,1248652530000L,2009-07-27 01:55:30,2010-11-07 11:10:52,2016-03-14 17:07:46
60712050,giovana cassimiro,joohcassimiro,126,226,959,3,2,,,,,,,,http://a0.twimg.com/profile_images/644636904/ogaaahtcucwvojpf_xx-enwahkg0-xqpk5nd9syxucbh4ecwgdz66fzculo6nll_9xr-xz-0hnw2-uwzxkhtjmicxbwam1t1uar-woexulxxhfe4y1j1svc4dxln_normal.jpg,,,,,,,,,http://a1.twimg.com/profile_background_images/68426990/page.jpg,,,,,,,,,,,,1248729219000L,2009-07-27 23:13:39,2010-11-07 11:10:52,2016-03-14 17:07:46
60833127,Amanda,Amanda4dbnb,2,48,472,0,0,http://xurl.jp/d3y,,,,,,,http://a3.twimg.com/profile_images/335759591/zzzzzzzscenegirl-0803_normal.jpg,,,,,,,,,http://s.twimg.com/a/1288374569/images/themes/theme1/bg.png,,,,,,,,,,,,1248762940000L,2009-07-28 08:35:40,2010-11-07 11:10:52,2016-03-14 17:07:47
61142555,Emily,Emily5lyh2,2,57,334,0,1,http://xurl.jp/jfz,,,,,,,http://a2.twimg.com/profile_images/337576990/zzzzzzzscenegirl-1162_normal.jpg,,,,,,,,,http://s.twimg.com/a/1288470193/images/themes/theme1/bg.png,,,,,,,,,,,,1248853456000L,2009-07-29 09:44:16,2010-11-07 11:10:52,2016-03-14 17:07:47
61222083,Ryleigh Vaughan,ryltulip644,14,121,743,0,0,,,,,,,,http://a3.twimg.com/profile_images/338071179/tyloma_normal.jpg,,,,,,,,,http://s.twimg.com/a/1288822933/images/themes/theme4/bg.gif,,,,,,,,,,,,1248881765000L,2009-07-29 17:36:05,2010-11-07 11:10:52,2016-03-14 17:07:47
61408308,Tiffany,Tiffany4cxye,3,71,379,0,0,http://xurl.jp/5sz,,,,,,,http://a2.twimg.com/profile_images/339189946/zzzzzzzscenegirl-1471_normal.jpg,,,,,,,,,http://s.twimg.com/a/1287774835/images/themes/theme1/bg.png,,,,,,,,,,,,1248934039000L,2009-07-30 08:07:19,2010-11-07 11:10:52,2016-03-14 17:07:47
61411155,Jenna,Jenna8kvu6,1,75,462,0,1,http://xurl.jp/ftz,,,,,,,http://a0.twimg.com/profile_images/339244492/zzzzzzzscenegirl-1547_normal.jpg,,,,,,,,,http://s.twimg.com/a/1287523226/images/themes/theme1/bg.png,,,,,,,,,,,,1248934962000L,2009-07-30 08:22:42,2010-11-07 11:10:52,2016-03-14 17:07:48
61508731,emanuela grech,emngrech,619,506,780,2,5,,,,,,,,http://a3.twimg.com/profile_images/523775263/oimontros_normal.jpg,,,,,,,,,http://a1.twimg.com/profile_background_images/26657996/53150570.png,,,,,,,,,oi,,,1248966046000L,2009-07-30 17:00:46,2010-11-07 11:10:52,2016-03-14 17:07:48
61525595,Rick Bateya,rick__bateya,1042,2142,3168,2,16,http://meadd.com/rickardo_henrick,,,Salvador,,,,http://a3.twimg.com/profile_images/487752479/rickardo_henrick91093_normal.jpg,,,,,,,,,http://a3.twimg.com/profile_background_images/47894955/teste.jpg,,,,,,,,,"Sou um cara Feliz, Amigo de todos, Adoro viajar, fazer novas amizades, e Curtir a vida Bastante.",,,1248970278000L,2009-07-30 18:11:18,2010-11-07 11:10:52,2016-03-14 17:07:48
61710426,Victoria,Victoria7yocc,2,57,341,0,2,http://xurl.jp/qc0a,,,,,,,http://a3.twimg.com/profile_images/340945759/zzzzzzzscenegirl-1800_normal.jpg,,,,,,,,,http://s.twimg.com/a/1288374569/images/themes/theme1/bg.png,,,,,,,,,,,,1249022183000L,2009-07-31 08:36:23,2010-11-07 11:10:52,2016-03-14 17:07:49
61710961,Julia,Julia6o1zh,3,77,427,0,0,http://xurl.jp/sc0a,,,,,,,http://a1.twimg.com/profile_images/340957781/zzzzzzzscenegirl-1815_normal.jpg,,,,,,,,,http://s.twimg.com/a/1288305442/images/themes/theme1/bg.png,,,,,,,,,,,,1249022383000L,2009-07-31 08:39:43,2010-11-07 11:10:52,2016-03-14 17:07:49
61885447,-' Juninhoo,mr_junioor,192,1428,1938,0,2,http://www.orkut.com.br/main#profile?uid=14961301398202316996,,, S\xe3o Paulo ,,,,http://a1.twimg.com/profile_images/1151914961/hollister_normal.jpg,,,,,,,,,http://a3.twimg.com/profile_background_images/164875399/bkg.jpg,,,,,,,,,Feliz ' =),,,1249077498000L,2009-07-31 23:58:18,2010-11-07 11:10:52,2016-03-14 17:07:49
61947861,MEREDITH,MEREDITH38zy,1,54,202,0,0,,,,,,,,http://a3.twimg.com/profile_images/342477287/z339_normal.jpg,,,,,,,,,http://s.twimg.com/a/1288197176/images/themes/theme1/bg.png,,,,,,,,,,,,1249096577000L,2009-08-01 05:16:17,2010-11-07 11:10:52,2016-03-14 17:07:50
61987475,Krystal,Krystal2305x,3,58,442,0,1,http://xurl.jp/6g0a,,,,,,,http://a0.twimg.com/profile_images/342583532/zzzzzzzscenegirl-1890_normal.jpg,,,,,,,,,http://s.twimg.com/a/1287523226/images/themes/theme1/bg.png,,,,,,,,,,,,1249111676000L,2009-08-01 09:27:56,2010-11-07 11:10:52,2016-03-14 17:07:50
61990631,Heather,Heather6yji5,3,47,296,0,0,http://xurl.jp/jh0a,,,,,,,http://a1.twimg.com/profile_images/342638173/zzzzzzzscenegirl-1977_normal.jpg,,,,,,,,,http://s.twimg.com/a/1287010001/images/themes/theme1/bg.png,,,,,,,,,,,,1249113185000L,2009-08-01 09:53:05,2010-11-07 11:10:52,2016-03-14 17:07:50
61991575,Sara,Sara9c5ey,2,101,543,0,0,http://xurl.jp/nh0a,,,,,,,http://a0.twimg.com/profile_images/342659304/zzzzzzzscenegirl-2010_normal.jpg,,,,,,,,,http://s.twimg.com/a/1288981003/images/themes/theme1/bg.png,,,,,,,,,,,,1249113638000L,2009-08-01 10:00:38,2010-11-07 11:10:52,2016-03-14 17:07:50
62143598,Jeferson ,jefersondr,274,958,1882,1,9,,,,SC,,,,http://a1.twimg.com/profile_images/417871585/hmhjhjj_normal.jpg,,,,,,,,,http://a1.twimg.com/profile_background_images/49311252/ogaaafb2xw1mdegwnt26xhsdbs6ekx7gupnyomi_xw1lqoytj4li03abax0pu5tb5x17ruuebnewpe3m05wtqzb0onoam1t1undix8wdeydc3r9rqe63_miwh6rq.jpg,,,,,,,,,,,,1249169381000L,2009-08-02 01:29:41,2010-11-07 11:10:52,2016-03-14 17:07:51
62227184,Vanessa Casal de Rey,casalderey,63,584,779,1,0,,,,S\xe3o Paulo,,,,http://a3.twimg.com/profile_images/646121691/van_s__rosto_normal.jpg,,,,,,,,,http://a1.twimg.com/profile_background_images/100836948/twitter_copy.jpg,,,,,,,,,,,,1249202504000L,2009-08-02 10:41:44,2010-11-07 11:10:52,2016-03-14 17:07:51
62349135,Billy Sharp,ready4cashnow,395,940,1102,2,1,http://www.trumpnetwork.com/billsharp,,,Oklahoma,,,,http://a1.twimg.com/profile_images/348244441/bill___ginger_086_00_normal.jpg,,,,,,,,,http://a1.twimg.com/profile_background_images/27567094/bill___ginger_086_00.jpg,,,,,,,,,"I enjoy playing around online, have found a great site for my future, I love going to the lake and fishing.",,,1249246849000L,2009-08-02 23:00:49,2010-11-07 11:10:52,2016-03-14 17:07:51
62379266,Emanuel Hermann ,Emanuel_sts,249,943,2001,0,3,,,,,,,,http://a1.twimg.com/profile_images/344911989/img280_normal.jpg,,,,,,,,,http://a1.twimg.com/profile_background_images/42146046/diadorock.jpg,,,,,,,,,,,,1249256239000L,2009-08-03 01:37:19,2010-11-07 11:10:52,2016-03-14 17:07:52
62395679,Rafaela Herrmann,lelaherrmann,52,850,1982,1,11,,,,,,,,http://a2.twimg.com/profile_images/704409186/p2170161_normal.jpg,,,,,,,,,http://a3.twimg.com/profile_background_images/27125251/summer-flowers.jpg,,,,,,,,,,,,1249261293000L,2009-08-03 03:01:33,2010-11-07 11:10:52,2016-03-14 17:07:52
62408129,Jadyn Green,jadrockies117,9,33,306,0,0,,,,,,,,http://a1.twimg.com/profile_images/345091417/photo2_normal.jpg,,,,,,,,,http://s.twimg.com/a/1288374569/images/themes/theme7/bg.gif,,,,,,,,,,,,1249265005000L,2009-08-03 04:03:25,2010-11-07 11:10:52,2016-03-14 17:07:52
62457855,Claudia,Claudia01qaz,2,55,330,0,0,http://xurl.jp/wl0a,,,,,,,http://a0.twimg.com/profile_images/345516744/zzzzzzzzscenegirl-0171_normal.jpg,,,,,,,,,http://s.twimg.com/a/1288632582/images/themes/theme1/bg.png,,,,,,,,,,,,1249282554000L,2009-08-03 08:55:54,2010-11-07 11:10:52,2016-03-14 17:07:53
62459582,Sara,Sara1zsi5,3,45,327,0,0,http://xurl.jp/0l0a,,,,,,,http://a1.twimg.com/profile_images/345535845/zzzzzzzzscenegirl-0236_normal.jpg,,,,,,,,,http://s.twimg.com/a/1288981003/images/themes/theme1/bg.png,,,,,,,,,,,,1249283284000L,2009-08-03 09:08:04,2010-11-07 11:10:52,2016-03-14 17:07:53
62463631,Jessica,Jessica3ou1t,3,46,322,0,1,http://xurl.jp/em0a,,,,,,,http://a2.twimg.com/profile_images/345617610/zzzzzzzzscenegirl-0455_normal.jpg,,,,,,,,,http://s.twimg.com/a/1288374569/images/themes/theme1/bg.png,,,,,,,,,,,,1249285083000L,2009-08-03 09:38:03,2010-11-07 11:10:52,2016-03-14 17:07:53
62463639,Mary,Mary5d01e,2,75,384,0,0,http://xurl.jp/em0a,,,,,,,http://a1.twimg.com/profile_images/345618457/zzzzzzzzscenegirl-0456_normal.jpg,,,,,,,,,http://s.twimg.com/a/1288039940/images/themes/theme1/bg.png,,,,,,,,,,,,1249285086000L,2009-08-03 09:38:06,2010-11-07 11:10:52,2016-03-14 17:07:53
62611164,Frederico Ravacini,Fredravacini,39,464,2002,2,1,,,,,,,,http://a2.twimg.com/profile_images/628484526/fred_normal.jpg,,,,,,,,,http://s.twimg.com/a/1288907344/images/themes/theme1/bg.png,,,,,,,,,,,,1249330730000L,2009-08-03 22:18:50,2010-11-07 11:10:52,2016-03-14 17:07:54
62637115,Diana,Rockonhighroad,769,1123,1884,0,4,http://makingmoneyprogressthroughmktgtools.blogspot.com/,,,United States,,,,http://a2.twimg.com/profile_images/848082538/me_april_2010_normal.jpg,,,,,,,,,http://a1.twimg.com/profile_background_images/27329976/fireworks.jpg,,,,,,,,,Get the tools to give YOU the edge in marketing.,,,1249337733000L,2009-08-04 00:15:33,2010-11-07 11:10:52,2016-03-14 17:07:54
62643392,Diana Rickett,Teamwork_r_us,687,1475,1928,0,5,http://makingmoneyprogressthroughmktgtools.blogspot.com/,,,United States,,,,http://a0.twimg.com/profile_images/848089604/me_april_2010_normal.jpg,,,,,,,,,http://a1.twimg.com/profile_background_images/27343324/teamwork.jpg,,,,,,,,,Get the tools to give YOU the edge in marketing.,,,1249339395000L,2009-08-04 00:43:15,2010-11-07 11:10:52,2016-03-14 17:07:54
62938941,Billy Sharp,BillSharp10,91,436,976,0,0,http://www.trumpnetwork.com/billsharp,,,Oklahoma,,,,http://a2.twimg.com/profile_images/372123966/poppa_w_sleeping_chloe_normal.jpg,,,,,,,,,http://s.twimg.com/a/1287774835/images/themes/theme4/bg.gif,,,,,,,,,"I love this little grandbaby, she is my first, and so cute.",,,1249422483000L,2009-08-04 23:48:03,2010-11-07 11:10:52,2016-03-14 17:07:55
63065682,Katie,Katie3sruv,3,108,771,0,0,http://xurl.jp/7r0a,,,,,,,http://a1.twimg.com/profile_images/349194709/zzzzzzzzscenegirl-0858_normal.jpg,,,,,,,,,http://s.twimg.com/a/1288039940/images/themes/theme1/bg.png,,,,,,,,,,,,1249457910000L,2009-08-05 09:38:30,2010-11-07 11:10:52,2016-03-14 17:07:55
63074400,Cristina,Cristina6xora,3,98,688,0,0,http://xurl.jp/rs0a,,,,,,,http://a3.twimg.com/profile_images/349333063/zzzzzzzzscenegirl-1064_normal.jpg,,,,,,,,,http://s.twimg.com/a/1287010001/images/themes/theme1/bg.png,,,,,,,,,,,,1249460958000L,2009-08-05 10:29:18,2010-11-07 11:10:52,2016-03-14 17:07:55
63074890,Desiree,Desiree35xg3,2,113,580,0,2,http://xurl.jp/ss0a,,,,,,,http://a1.twimg.com/profile_images/349352801/zzzzzzzzscenegirl-1084_normal.jpg,,,,,,,,,http://s.twimg.com/a/1288374569/images/themes/theme1/bg.png,,,,,,,,,,,,1249461113000L,2009-08-05 10:31:53,2010-11-07 11:10:52,2016-03-14 17:07:56
63255441,felipe,feferusty,19,298,1175,0,1,,,,,,,,http://s.twimg.com/a/1288742912/images/default_profile_4_normal.png,,,,,,,,,http://s.twimg.com/a/1288742912/images/themes/theme1/bg.png,,,,,,,,,,,,1249506036000L,2009-08-05 23:00:36,2010-11-07 11:10:52,2016-03-14 17:07:56
63312941,# Karla Regina,karla_regiina,95,1016,1951,0,16,,,,Brasil,,,,http://a0.twimg.com/profile_images/350412736/atyaaaahpet4wymux0stojvcehruonw5ftqptlpc-byw7n4mvaghbogsh05wl7xfdpsaa-fn2y9mgjjn5akcwdsuy4srajtu9vba4l2tx-vyr--fhvba7auzx0kxuw_normal.jpg,,,,,,,,,http://s.twimg.com/a/1288374569/images/themes/theme9/bg.gif,,,,,,,,,,,,1249519211000L,2009-08-06 02:40:11,2010-11-07 11:10:52,2016-03-14 17:07:56
63579810,Fiona Bradshaw,fioredsox253,4,11,173,0,0,,,,,,,,http://a1.twimg.com/profile_images/642740125/8ca137da54011ed7d13cdec4cc2a6340_normal.jpg,,,,,,,,,http://s.twimg.com/a/1288374569/images/themes/theme1/bg.png,,,,,,,,,,,,1249603487000L,2009-08-07 02:04:47,2010-11-07 11:10:52,2016-03-14 17:07:57
63857144,pauulo ricardo,chokitoRVS,126,304,1020,0,3,,,,,,,,http://a1.twimg.com/profile_images/354621265/c_mera-0036_normal.jpg,,,,,,,,,http://a1.twimg.com/profile_background_images/68275108/skate.jpg,,,,,,,,,,,,1249688983000L,2009-08-08 01:49:43,2010-11-07 11:10:52,2016-03-14 17:07:57
63871003,fatima regato,fatimaregato,629,1346,2001,0,3,,,,,,,,http://a2.twimg.com/profile_images/552248666/fotoreduzidafatima_normal.bmp,,,,,,,,,http://a1.twimg.com/profile_background_images/78257656/imagem_034.jpg,,,,,,,,,,,,1249693799000L,2009-08-08 03:09:59,2010-11-07 11:10:52,2016-03-14 17:07:57
63901521,Agnelo Regis,agneloregis,21,682,2001,0,0,,,,,,,,http://s.twimg.com/a/1288470193/images/default_profile_5_normal.png,,,,,,,,,http://s.twimg.com/a/1288470193/images/themes/theme1/bg.png,,,,,,,,,,,,1249704238000L,2009-08-08 06:03:58,2010-11-07 11:10:52,2016-03-14 17:07:57
64148519,Kristin,Kristin0nowo,2,97,677,0,0,http://xurl.jp/710a,,,,,,,http://s.twimg.com/a/1287010001/images/default_profile_1_normal.png,,,,,,,,,http://s.twimg.com/a/1287010001/images/themes/theme1/bg.png,,,,,,,,,,,,1249812048000L,2009-08-09 12:00:48,2010-11-07 11:10:52,2016-03-14 17:07:58
64152501,Madyson Miller,madfreaky189,8,43,481,0,2,,,,,,,,http://a3.twimg.com/profile_images/599361919/26780_normal.jpg,,,,,,,,,http://s.twimg.com/a/1288649854/images/themes/theme6/bg.gif,,,,,,,,,,,,1249814274000L,2009-08-09 12:37:54,2010-11-07 11:10:52,2016-03-14 17:07:58
64222725,Ribamar Jos\xe9 Oficial,RibamarJose,228,2936,3477,0,6,http://www.ribamarjose.com,,,Bel\xe9m - Pa,,,,http://a3.twimg.com/profile_images/509703423/msn_normal.gif,,,,,,,,,http://a3.twimg.com/profile_background_images/50922833/23.gif,,,,,,,,,,,,1249842252000L,2009-08-09 20:24:12,2010-11-07 11:10:52,2016-03-14 17:07:58
64223014,Julia K Shore,JuliaKShorf4k,5,49,1499,0,1,,,,,,,,http://a0.twimg.com/profile_images/357354300/46_normal.jpeg,,,,,,,,,http://s.twimg.com/a/1288374569/images/themes/theme1/bg.png,,,,,,,,,,,,1249842348000L,2009-08-09 20:25:48,2010-11-07 11:10:52,2016-03-14 17:07:59
64244316,gaby gomez,gabytagomefik,4,40,1424,0,2,,,,,,,,http://a0.twimg.com/profile_images/355859884/6_normal.jpeg,,,,,,,,,http://s.twimg.com/a/1288374569/images/themes/theme1/bg.png,,,,,,,,,,,,1249848999000L,2009-08-09 22:16:39,2010-11-07 11:10:52,2016-03-14 17:07:59
64293872,Valarie Thorn,stompyourf773,5,41,1435,0,0,,,,,,,,http://a0.twimg.com/profile_images/357874576/24_normal.jpeg,,,,,,,,,http://s.twimg.com/a/1287010001/images/themes/theme1/bg.png,,,,,,,,,,,,1249864493000L,2009-08-10 02:34:53,2010-11-07 11:10:52,2016-03-14 17:07:59
64297402,Odair Dantas Filho,odairfilho,42,821,1977,0,4,,,,,,,,http://a0.twimg.com/profile_images/354573676/dsc00045_normal.jpg,,,,,,,,,http://a3.twimg.com/profile_background_images/98157793/ogaaaeobizv1pbgnr8kskkduj__qarliasrjjjpgf_d5im2bzzcye9amnrnbn9uu2cqyobub-5dzod81cemglvnveh8am1t1ul5spijunfjassuy1lbf7w6fqsbm.jpg,,,,,,,,,,,,1249865628000L,2009-08-10 02:53:48,2010-11-07 11:10:52,2016-03-14 17:07:59
64310675,Lauryn Dempsey,lautulip978,6,70,446,0,7,,,,,,,,http://a1.twimg.com/profile_images/355213113/photo1_normal.jpg,,,,,,,,,http://s.twimg.com/a/1287523226/images/themes/theme7/bg.gif,,,,,,,,,,,,1249869638000L,2009-08-10 04:00:38,2010-11-07 11:10:52,2016-03-14 17:08:00
64343774,Annabelle Green,annbball688,10,48,429,0,0,,,,,,,,http://a0.twimg.com/profile_images/355098332/kosalan_normal.jpg,,,,,,,,,http://s.twimg.com/a/1287774835/images/themes/theme4/bg.gif,,,,,,,,,,,,1249882554000L,2009-08-10 07:35:54,2010-11-07 11:10:52,2016-03-14 17:08:00
64460373,Brittanie Cassoni,brit_the_tbde,3,77,1545,0,0,,,,,,,,http://a2.twimg.com/profile_images/358224978/41_normal.jpeg,,,,,,,,,http://s.twimg.com/a/1288374569/images/themes/theme1/bg.png,,,,,,,,,,,,1249925622000L,2009-08-10 19:33:42,2010-11-07 11:10:52,2016-03-14 17:08:00
64473068,philipbroadway,philipbroaeil,2,36,1418,0,0,,,,,,,,http://a3.twimg.com/profile_images/357315331/1_normal.jpeg,,,,,,,,,http://s.twimg.com/a/1287774835/images/themes/theme1/bg.png,,,,,,,,,,,,1249928592000L,2009-08-10 20:23:12,2010-11-07 11:10:52,2016-03-14 17:08:01
64489557,Kimberly Carrera,kimmyaweso8a9,3,68,1485,0,1,,,,,,,,http://a1.twimg.com/profile_images/358225849/11_normal.jpeg,,,,,,,,,http://s.twimg.com/a/1287010001/images/themes/theme1/bg.png,,,,,,,,,,,,1249932477000L,2009-08-10 21:27:57,2010-11-07 11:10:52,2016-03-14 17:08:01
64510428,Kalli,dragonflym7dj,3,50,1444,0,1,,,,,,,,http://a3.twimg.com/profile_images/357412851/9_normal.jpeg,,,,,,,,,http://s.twimg.com/a/1287010001/images/themes/theme1/bg.png,,,,,,,,,,,,1249937311000L,2009-08-10 22:48:31,2010-11-07 11:10:52,2016-03-14 17:08:01
64535153,dari. ,darii_,5070,1741,2301,8,15,http://www.orkut.com.br/main#profile?rl=mp&uid=12986206078201439699,,,por ae ;),,,,http://a2.twimg.com/profile_images/454730102/of_normal.jpg,,,,,,,,,http://a1.twimg.com/profile_background_images/57945768/bg.gif,,,,,,,,,,,,1249943235000L,2009-08-11 00:27:15,2010-11-07 11:10:52,2016-03-14 17:08:01
64625268,Paul Bemis,Bullybreeddd7,2,57,1475,0,1,,,,,,,,http://a3.twimg.com/profile_images/358634787/12_normal.jpeg,,,,,,,,,http://s.twimg.com/a/1286818005/images/themes/theme1/bg.png,,,,,,,,,,,,1249964944000L,2009-08-11 06:29:04,2010-11-07 11:10:52,2016-03-14 17:08:02
64631194,Baylee McIntosh,bayfunnie636,5,35,365,0,0,,,,,,,,http://a0.twimg.com/profile_images/599452664/883460_normal.jpg,,,,,,,,,http://s.twimg.com/a/1287437169/images/themes/theme7/bg.gif,,,,,,,,,,,,1249966888000L,2009-08-11 07:01:28,2010-11-07 11:10:52,2016-03-14 17:08:02
64633398,Becky Moore,beckybassoe2m,2,61,1455,0,1,,,,,,,,http://a0.twimg.com/profile_images/358232020/25_normal.jpeg,,,,,,,,,http://s.twimg.com/a/1287010001/images/themes/theme1/bg.png,,,,,,,,,,,,1249967663000L,2009-08-11 07:14:23,2010-11-07 11:10:52,2016-03-14 17:08:02
